times,alternator currents,battery currents,velocities
0,0,-87.97758861,0
1,0,-213.0938513,0
2,0,-21.42638506,0
3,0,-21.42638506,0
4,0,-21.42638506,0
5,0,-21.42638506,0
6,0,-21.42638506,0
7,0,-21.42638506,0
8,0,-21.42638506,0
9,0,-21.42638506,0
10,0,-21.42638506,0
11,0,-21.42638506,0
12,0,-21.42638506,0
13,0,-21.42638506,0.514929184
14,0,-21.42638506,2.911253966
15,0,-21.42638506,7.096452981
16,0,-21.42638506,11.52783769
17,0,-21.42638506,15.17823685
18,0,-21.42638506,18.87203565
19,0,-21.42638506,23.54810646
20,0,-21.42638506,26.78298856
21,0,-21.42638506,28.10248358
22,0,-21.42638506,28.50990533
23,0,-21.42638506,28.74537142
24,0,-21.42638506,29.11108404
25,0,-21.42638506,29.89193074
26,0,-21.42638506,31.39568219
27,0,-21.42638506,32.9818791
28,0,-21.42638506,35.35856377
29,0,-21.42638506,37.92229816
30,0,-21.42638506,40.34169978
31,0,-21.42638506,41.97148632
32,0,-21.42638506,42.96529575
33,0,-21.42638506,43.74759363
34,0,-21.42638506,44.32054009
35,0,-21.42638506,44.67497408
36,0,-21.42638506,44.62857592
37,-56.76759025,35.33251709,43.78175255
38,-101.3706969,79.92879735,41.49659884
39,-101.3706969,79.92879735,38.54311554
40,-101.3706969,79.92879735,35.48610937
41,-101.3706969,79.92879735,33.15438265
42,-101.3706969,79.92879735,30.38576789
43,-101.3706969,79.92879735,26.79707438
44,-101.3706969,79.92879735,22.83226008
45,-44.60310662,23.1698952,20.84353902
46,0,-21.42638506,20.12274653
47,0,-21.42638506,19.58038068
48,0,-21.42638506,18.68681738
49,0,-21.42638506,17.86276817
50,0,-21.42638506,17.56209772
51,0,-21.42638506,17.45905508
52,-56.76759025,35.33251709,16.47470852
53,-101.3706969,79.92879735,14.30991918
54,-44.60310662,23.1698952,12.4229433
55,0,-21.42638506,11.89058585
56,0,-21.42638506,11.83224493
57,0,-21.42638506,11.87751976
58,0,-21.42638506,12.02548493
59,0,-21.42638506,12.3648125
60,0,-21.42638506,13.39681867
61,0,-21.42638506,15.02673195
62,0,-21.42638506,15.69235094
63,0,-21.42638506,16.16249156
64,0,-21.42638506,16.68839696
65,0,-21.42638506,17.50593765
66,0,-21.42638506,18.04960303
67,0,-21.42638506,18.3395809
68,0,-21.42638506,19.31620533
69,0,-21.42638506,21.74325839
70,0,-21.42638506,24.91146336
71,0,-21.42638506,28.25247474
72,0,-21.42638506,31.13463078
73,0,-21.42638506,33.5341894
74,0,-21.42638506,35.14423182
75,0,-21.42638506,36.15232422
76,0,-21.42638506,37.05670227
77,0,-21.42638506,38.06930453
78,0,-21.42638506,39.03137151
79,0,-21.42638506,39.56795362
80,0,-21.42638506,39.44936753
81,0,-21.42638506,38.89584727
82,-20.27413937,-1.15534858,38.0294345
83,-83.12397143,61.68486451,37.11890794
84,0,-21.42638506,36.86131602
85,0,-21.42638506,36.34909227
86,0,-21.42638506,35.61479341
87,0,-21.42638506,34.95474731
88,0,-21.42638506,34.37005168
89,-6.082241812,-15.34507412,33.05706245
90,-101.3706969,79.92879735,29.51554158
91,-101.3706969,79.92879735,24.50354554
92,-101.3706969,79.92879735,18.91913023
93,-101.3706969,79.92879735,15.07969474
94,0,-21.42638506,12.73205001
95,0,-21.42638506,10.26895378
96,0,-21.42638506,7.320704833
97,0,-21.42638506,4.583393602
98,0,-21.42638506,2.793656555
99,0,-21.42638506,0.997027522
100,0,-21.42638506,0.000194439
101,0,-21.42638506,4.86634E-06
102,0,-21.42638506,1.46491E-06
103,0,-21.42638506,6.45837E-07
104,0,-21.42638506,3.38727E-07
105,0,-21.42638506,1.96354E-07
106,0,-21.42638506,1.2146E-07
107,0,-21.42638506,7.86136E-08
108,0,-21.42638506,5.25988E-08
109,0,-21.42638506,3.60904E-08
110,0,-21.42638506,2.52539E-08
111,0,-21.42638506,1.79492E-08
112,0,-21.42638506,1.29192E-08
113,0,-21.42638506,9.39534E-09
114,0,-21.42638506,6.89125E-09
115,0,-21.42638506,5.09073E-09
116,0,-21.42638506,3.78325E-09
117,0,-21.42638506,2.82587E-09
118,0,-21.42638506,2.11988E-09
119,0,-21.42638506,1.59614E-09
120,0,-21.42638506,1.20559E-09
121,0,-21.42638506,9.13073E-10
122,0,-21.42638506,6.93152E-10
123,0,-21.42638506,5.27266E-10
124,0,-21.42638506,3.73491E-10
125,0,-21.42638506,1.52611E-20
126,0,-21.42638506,1.52611E-20
127,0,-21.42638506,1.52611E-20
128,0,-21.42638506,1.52611E-20
129,0,-21.42638506,1.52611E-20
130,0,-21.42638506,1.52611E-20
131,0,-21.42638506,1.52611E-20
132,0,-21.42638506,1.52611E-20
133,0,-21.42638506,1.52611E-20
134,0,-21.42638506,1.52611E-20
135,0,-21.42638506,1.52611E-20
136,0,-21.42638506,1.52611E-20
137,0,-21.42638506,1.47184E-20
138,0,-21.42638506,0
139,0,-189.135418,0.442124085
140,0,-49.37789055,3.292186315
141,0,-21.42638506,8.148139062
142,0,-21.42638506,13.93715788
143,0,-21.42638506,17.60696423
144,0,-21.42638506,19.43394382
145,0,-21.42638506,20.44973453
146,0,-21.42638506,21.84661664
147,0,-21.42638506,24.15130384
148,0,-21.42638506,26.65018872
149,0,-21.42638506,28.59267184
150,0,-21.42638506,29.66818562
151,0,-21.42638506,29.78007734
152,-30.41120906,8.980169661,28.44258
153,-101.3706969,79.92879735,24.9218912
154,-101.3706969,79.92879735,19.87990136
155,-101.3706969,79.92879735,15.17464593
156,-70.95948781,49.52224263,12.41339472
157,0,-21.42638506,12.00089357
158,0,-21.42638506,12.98622753
159,0,-21.42638506,15.29402115
160,0,-21.42638506,18.55866653
161,0,-21.42638506,21.8625365
162,0,-21.42638506,24.68881582
163,0,-21.42638506,26.76908621
164,0,-21.42638506,28.66310508
165,0,-21.42638506,30.34028733
166,0,-21.42638506,31.78884569
167,0,-21.42638506,32.8346522
168,0,-21.42638506,34.27130442
169,0,-21.42638506,36.28593611
170,0,-21.42638506,37.82180785
171,0,-21.42638506,38.02920362
172,-30.41120906,8.980169661,36.50662563
173,-101.3706969,79.92879735,33.15700281
174,-101.3706969,79.92879735,29.06362938
175,-101.3706969,79.92879735,26.17785345
176,-70.95948781,49.52224263,24.62169227
177,0,-21.42638506,25.11418006
178,0,-21.42638506,26.53595461
179,0,-21.42638506,28.3331044
180,0,-21.42638506,29.35642274
181,0,-21.42638506,29.65320764
182,0,-21.42638506,29.47865274
183,0,-21.42638506,28.91701876
184,-30.41120906,8.980169661,27.30674925
185,-101.3706969,79.92879735,24.38773122
186,-101.3706969,79.92879735,21.88844972
187,-70.95948781,49.52224263,19.62728369
188,-30.41120906,8.980169661,17.75022973
189,-70.95948781,49.52224263,16.11647164
190,0,-21.42638506,14.96928129
191,0,-21.42638506,13.95099341
192,0,-21.42638506,13.16882487
193,0,-21.42638506,12.54665203
194,0,-21.42638506,12.20539401
195,0,-21.42638506,11.96878456
196,0,-21.42638506,11.86543573
197,0,-21.42638506,11.89475569
198,0,-21.42638506,11.92819743
199,0,-21.42638506,12.13350543
200,0,-21.42638506,12.67132011
201,0,-21.42638506,13.4153606
202,0,-21.42638506,14.47226499
203,0,-21.42638506,15.72500771
204,0,-21.42638506,17.69306487
205,0,-21.42638506,20.20984777
206,0,-21.42638506,22.66098046
207,0,-21.42638506,25.50806576
208,0,-21.42638506,28.09016654
209,0,-21.42638506,30.67952291
210,0,-21.42638506,33.5926144
211,0,-21.42638506,36.54245062
212,0,-21.42638506,38.62512359
213,0,-21.42638506,40.13038217
214,0,-21.42638506,41.20161206
215,0,-21.42638506,42.2528872
216,0,-21.42638506,43.88763897
217,0,-21.42638506,45.95731548
218,0,-21.42638506,48.11508658
219,0,-21.42638506,49.99717593
220,0,-21.42638506,51.48000708
221,0,-21.42638506,52.5493025
222,0,-21.42638506,53.22083981
223,0,-21.42638506,53.44484854
224,0,-21.42638506,53.62974453
225,0,-21.42638506,53.94841061
226,0,-21.42638506,54.4001359
227,0,-21.42638506,54.9773696
228,0,-21.42638506,55.52476299
229,0,-21.42638506,56.02290823
230,0,-21.42638506,56.41982101
231,0,-21.42638506,56.65145011
232,0,-21.42638506,56.58777085
233,-30.41120906,8.980169661,55.93205083
234,-101.3706969,79.92879735,54.16003129
235,-101.3706969,79.92879735,52.10533743
236,-70.95948781,49.52224263,50.16333593
237,0,-21.42638506,49.24016675
238,0,-21.42638506,48.61488266
239,-30.41120906,8.980169661,47.53769715
240,-101.3706969,79.92879735,45.47028995
241,-101.3706969,79.92879735,42.76241067
242,-101.3706969,79.92879735,40.36988789
243,-101.3706969,79.92879735,37.92357321
244,-101.3706969,79.92879735,35.50842151
245,-101.3706969,79.92879735,33.20433907
246,-101.3706969,79.92879735,30.42137961
247,-101.3706969,79.92879735,26.82246265
248,-101.3706969,79.92879735,23.1297047
249,-70.95948781,49.52224263,21.17269017
250,0,-21.42638506,20.37696649
251,0,-21.42638506,19.75997762
252,0,-21.42638506,18.81371281
253,0,-21.42638506,17.95248892
254,0,-21.42638506,17.6258821
255,0,-21.42638506,17.50349032
256,-30.41120906,8.980169661,16.52908253
257,-72.98690175,51.54934627,14.9588572
258,0,-21.42638506,14.73913337
259,0,-21.42638506,16.32915377
260,0,-21.42638506,19.10810774
261,0,-21.42638506,21.96397696
262,0,-21.42638506,24.58165196
263,0,-21.42638506,27.32129916
264,0,-21.42638506,30.69242757
265,0,-21.42638506,34.08749006
266,0,-21.42638506,37.40860113
267,0,-21.42638506,39.99497726
268,0,-21.42638506,41.9522333
269,0,-21.42638506,43.56638503
270,0,-21.42638506,44.95614322
271,0,-21.42638506,46.12080012
272,0,-21.42638506,46.15100599
273,0,-21.42638506,45.72559229
274,0,-21.42638506,44.77296135
275,-95.28845506,73.8474864,42.39193217
276,-101.3706969,79.92879735,39.45521405
277,-10.13706969,-11.29086682,36.13359105
278,-89.20621324,67.76617546,32.51659863
279,-101.3706969,79.92879735,28.01506622
280,-16.2193115,-5.209555877,22.69221312
281,0,-21.42638506,20.14407049
282,0,-21.42638506,20.83256937
283,0,-21.42638506,24.25714868
284,0,-21.42638506,28.1281119
285,0,-21.42638506,32.00128529
286,0,-21.42638506,35.44540822
287,0,-21.42638506,38.81057077
288,0,-21.42638506,42.26370649
289,0,-21.42638506,45.64264932
290,0,-21.42638506,48.16718308
291,0,-21.42638506,49.64304884
292,0,-21.42638506,49.90172692
293,-58.79500418,37.35962074,49.02146164
294,-44.60310662,23.1698952,47.91639055
295,0,-21.42638506,47.18252456
296,0,-21.42638506,46.74654033
297,0,-21.42638506,46.67101567
298,0,-21.42638506,46.84281577
299,0,-21.42638506,47.13383782
300,0,-21.42638506,47.30280294
301,0,-21.42638506,47.25455292
302,0,-21.42638506,46.95804526
303,0,-21.42638506,46.33606175
304,-36.49345087,15.06148061,45.40075611
305,-101.3706969,79.92879735,44.09524514
306,-101.3706969,79.92879735,42.56074158
307,-70.95948781,49.52224263,41.24889406
308,0,-21.42638506,40.48354191
309,0,-21.42638506,40.05561105
310,0,-21.42638506,39.79625312
311,0,-21.42638506,39.02620888
312,0,-21.42638506,38.52250615
313,0,-21.42638506,37.74012798
314,-16.2193115,-5.209555877,36.53778502
315,-101.3706969,79.92879735,35.04354413
316,-89.20621324,67.76617546,33.54980215
317,-10.13706969,-11.29086682,32.25624877
318,-101.3706969,79.92879735,30.7386487
319,-101.3706969,79.92879735,28.88838327
320,-101.3706969,79.92879735,26.93889689
321,-99.34328293,77.9016937,24.94854801
322,0,-21.42638506,24.57051767
323,0,-21.42638506,24.37928103
324,0,-21.42638506,24.25763164
325,0,-21.42638506,23.84461118
326,0,-21.42638506,23.68855937
327,0,-21.42638506,23.61425702
328,0,-21.42638506,23.35162478
329,-89.20621324,67.76617546,21.82682052
330,-101.3706969,79.92879735,18.89714451
331,-16.2193115,-5.209555877,17.05948612
332,0,-21.42638506,16.66456727
333,0,-21.42638506,16.24445542
334,0,-21.42638506,15.66481452
335,0,-21.42638506,15.25041143
336,0,-21.42638506,14.69959108
337,0,-21.42638506,14.32019736
338,0,-21.42638506,14.28068264
339,0,-21.42638506,14.78257191
340,0,-21.42638506,16.35087379
341,0,-21.42638506,19.30660067
342,0,-21.42638506,22.69374757
343,0,-21.42638506,24.79998333
344,0,-21.42638506,25.38868922
345,0,-21.42638506,25.58274256
346,0,-21.42638506,26.04974335
347,0,-21.42638506,26.61196109
348,0,-21.42638506,26.92282827
349,0,-21.42638506,27.64588939
350,0,-21.42638506,28.09582513
351,0,-21.42638506,28.34763618
352,0,-21.42638506,28.33749178
353,0,-21.42638506,28.19045975
354,0,-21.42638506,28.04478588
355,0,-21.42638506,27.94737836
356,0,-21.42638506,27.99533831
357,0,-21.42638506,28.15365359
358,0,-21.42638506,28.15700231
359,-28.38379512,6.953066013,27.60300015
360,-101.3706969,79.92879735,26.03865092
361,-77.04172962,55.60355357,23.58572612
362,0,-21.42638506,22.12527827
363,0,-21.42638506,21.15525029
364,0,-21.42638506,20.61966549
365,0,-21.42638506,20.46241585
366,0,-21.42638506,20.57168569
367,0,-21.42638506,20.85886224
368,0,-21.42638506,21.53219398
369,0,-21.42638506,22.7094596
370,0,-21.42638506,23.89395122
371,0,-21.42638506,24.44613095
372,0,-21.42638506,24.23254205
373,0,-21.42638506,22.61352136
374,-101.3706969,79.92879735,19.46466556
375,-101.3706969,79.92879735,15.96446805
376,-101.3706969,79.92879735,13.04326719
377,-4.054827875,-17.37217777,11.05836552
378,0,-21.42638506,9.535268487
379,0,-21.42638506,8.426170085
380,0,-21.42638506,7.571700899
381,0,-21.42638506,6.61196732
382,0,-21.42638506,5.453617047
383,0,-21.42638506,4.247574978
384,0,-21.42638506,2.940186268
385,0,-21.42638506,1.536728897
386,0,-21.42638506,0.400029826
387,0,-21.42638506,0.000135569
388,0,-21.42638506,4.69022E-06
389,0,-21.42638506,1.43241E-06
390,0,-21.42638506,6.35038E-07
391,0,-21.42638506,3.34131E-07
392,0,-21.42638506,2.21484E-07
393,0,-185.1423458,0.453418275
394,0,-53.37096277,2.754406043
395,0,-21.42638506,5.944874453
396,0,-21.42638506,10.057263
397,0,-21.42638506,14.55956512
398,0,-21.42638506,18.78968951
399,0,-21.42638506,22.73265175
400,0,-21.42638506,25.22198069
401,0,-21.42638506,25.93135399
402,0,-21.42638506,25.52314288
403,-50.68534843,29.25120614,24.28508733
404,-52.71276237,31.27830979,22.55539563
405,-46.63052056,25.19699885,20.94581172
406,-56.76759025,35.33251709,19.44367519
407,-42.57569268,21.14279155,17.83903711
408,-60.82241812,39.38672438,16.085063
409,0,-21.42638506,14.72883503
410,0,-21.42638506,13.93368941
411,0,-21.42638506,13.78912096
412,0,-21.42638506,13.96336904
413,0,-21.42638506,14.24766214
414,0,-21.42638506,14.62563863
415,0,-21.42638506,15.29598542
416,0,-21.42638506,16.54748952
417,0,-21.42638506,18.03977253
418,-20.27413937,-1.15534858,19.01721202
419,-101.3706969,79.92879735,19.02754243
420,-101.3706969,79.92879735,18.30206507
421,-101.3706969,79.92879735,17.1302405
422,-101.3706969,79.92879735,16.34109292
423,-101.3706969,79.92879735,16.17304093
424,-101.3706969,79.92879735,16.64690477
425,-101.3706969,79.92879735,17.97563615
426,-101.3706969,79.92879735,20.76710784
427,-101.3706969,79.92879735,25.03840698
428,-101.3706969,79.92879735,29.64992799
429,-101.3706969,79.92879735,32.83612892
430,-101.3706969,79.92879735,33.91033466
431,-101.3706969,79.92879735,33.60662062
432,-101.3706969,79.92879735,32.69022618
433,-101.3706969,79.92879735,31.79082871
434,-101.3706969,79.92879735,31.26613062
435,-101.3706969,79.92879735,30.91069018
436,-101.3706969,79.92879735,30.0363842
437,-101.3706969,79.92879735,28.05370553
438,-101.3706969,79.92879735,24.54846156
439,-101.3706969,79.92879735,20.28033638
440,-101.3706969,79.92879735,15.23164531
441,-101.3706969,79.92879735,10.04137768
442,-101.3706969,79.92879735,5.569467009
443,-54.74017631,33.30541344,2.395415284
444,0,-21.42638506,0.627615072
445,0,-21.42638506,0.037516594
446,0,-21.42638506,0.000108827
447,0,-21.42638506,4.55865E-06
448,0,-21.42638506,1.40763E-06
449,0,-21.42638506,6.26745E-07
450,0,-21.42638506,3.3046E-07
451,0,-21.42638506,1.92195E-07
452,0,-21.42638506,1.19153E-07
453,0,-21.42638506,7.72449E-08
454,0,-21.42638506,5.17452E-08
455,0,-21.42638506,3.55376E-08
456,0,-21.42638506,2.48854E-08
457,0,-21.42638506,1.76976E-08
458,0,-21.42638506,1.27442E-08
459,0,-21.42638506,9.27172E-09
460,0,-21.42638506,6.80281E-09
461,0,-21.42638506,5.02677E-09
462,0,-21.42638506,3.73658E-09
463,0,-21.42638506,2.79156E-09
464,0,-21.42638506,2.09449E-09
465,0,-21.42638506,1.57724E-09
466,0,-21.42638506,1.19146E-09
467,0,-21.42638506,9.02471E-10
468,0,-21.42638506,6.85165E-10
469,0,-21.42638506,5.21232E-10
470,0,-21.42638506,3.55026E-10
471,0,-21.42638506,-2.34959E-20
472,0,-21.42638506,-2.34959E-20
473,0,-21.42638506,-2.34959E-20
474,0,-21.42638506,-2.34959E-20
475,0,-21.42638506,-2.34959E-20
476,0,-21.42638506,-2.34959E-20
477,0,-21.42638506,-2.34959E-20
478,0,-21.42638506,-2.34959E-20
479,0,-21.42638506,-2.34959E-20
480,0,-21.42638506,-2.34959E-20
481,0,-21.42638506,-2.34959E-20
482,0,-21.42638506,-2.34959E-20
483,0,-21.42638506,-2.34959E-20
484,0,-21.42638506,-2.34959E-20
485,0,-21.42638506,-2.34959E-20
486,0,-21.42638506,-2.34959E-20
487,0,-21.42638506,-2.34959E-20
488,0,-21.42638506,-2.34959E-20
489,0,-21.42638506,-2.34959E-20
490,0,-21.42638506,-2.34959E-20
491,0,-21.42638506,-2.34959E-20
492,0,-21.42638506,-2.34959E-20
493,0,-21.42638506,-2.34959E-20
494,0,-21.42638506,-2.34959E-20
495,0,-21.42638506,-2.34959E-20
496,0,-21.42638506,-2.34959E-20
497,0,-21.42638506,-2.34959E-20
498,0,-21.42638506,-2.34959E-20
499,0,-21.42638506,-2.34959E-20
500,0,-21.42638506,-2.34959E-20
501,0,-21.42638506,-2.34959E-20
502,0,-21.42638506,-2.34959E-20
503,0,-21.42638506,-2.34959E-20
504,0,-21.42638506,-2.34959E-20
505,0,-21.42638506,-2.34959E-20
506,0,-21.42638506,-2.34959E-20
507,0,-21.42638506,-2.34959E-20
508,0,-21.42638506,-2.34959E-20
509,0,-21.42638506,-2.34959E-20
510,0,-21.42638506,-2.34959E-20
511,0,-21.42638506,-2.26604E-20
512,0,-21.42638506,0
513,-75.12138501,-110.1395883,0.320404868
514,-101.393847,47.98420281,2.799262668
515,-101.3706969,79.92879724,5.693074589
516,-101.3706969,79.92879724,9.830467397
517,-101.3706969,79.92879733,15.06943006
518,-101.3706969,79.92879735,18.5262629
519,-101.3706969,79.92879735,20.28891858
520,-101.3706969,79.92879735,20.5387705
521,-101.3706969,79.92879735,20.06479952
522,-101.3706969,79.92879735,19.21006063
523,-101.3706969,79.92879735,18.1045813
524,-101.3706969,79.92879735,16.40629193
525,-101.3706969,79.92879735,13.48273563
526,-101.3706969,79.92879735,9.592823592
527,-101.3706969,79.92879735,5.706850863
528,-75.01431568,53.57644992,2.913867724
529,0,-21.42638506,1.424105773
530,0,-21.42638506,0.439223626
531,0,-21.42638506,0.000185854
532,0,-21.42638506,4.84899E-06
533,0,-21.42638506,2.10629E-06
534,-75.12138501,-110.1395883,0.053282816
535,-101.393847,47.98420281,1.360798062
536,-101.3706969,79.92879724,3.583555951
537,-101.3706969,79.92879724,6.127380968
538,-101.3706969,79.92879724,10.39731286
539,-101.3706969,79.92879724,16.12084811
540,-101.3706969,79.92879724,21.15166976
541,-101.3706969,79.92879724,24.13753206
542,-101.3706969,79.92879724,24.86160697
543,-101.3706969,79.92879724,24.67652052
544,-101.3706969,79.92879724,24.15976106
545,-101.3706969,79.92879724,23.10809875
546,-101.3706969,79.92879724,21.3182001
547,-101.3706969,79.92879724,19.32351871
548,-101.3706969,79.92879724,17.79732423
549,-101.3706969,79.92879724,16.63940514
550,-101.3706969,79.92879724,15.73512385
551,-101.3706969,79.92879724,14.91933772
552,-101.3706969,79.92879724,14.3487517
553,-101.3706969,79.92879724,13.88378199
554,-101.3706969,79.92879724,13.37244365
555,-101.3706969,79.92879724,13.05666379
556,-101.3706969,79.92879724,12.95156866
557,-101.3706969,79.92879724,13.06430125
558,-101.3706969,79.92879724,13.43136924
559,-101.3706969,79.92879724,14.07471052
560,-101.3706969,79.92879724,15.3654285
561,-101.3706969,79.92879724,16.87019223
562,-101.3706969,79.92879724,17.19280968
563,-101.3706969,79.92879724,17.14748439
564,-101.3706969,79.92879724,16.42850284
565,-101.3706969,79.92879724,12.93586712
566,-101.3706969,79.92879724,7.54272984
567,-68.93207387,47.4951389,2.511476025
568,0,-21.42638506,0.000266022
569,0,-21.42638506,4.98109E-06
570,0,-21.42638506,1.4857E-06
571,0,-21.42638506,6.52694E-07
572,0,-21.42638506,3.4168E-07
573,0,-21.42638506,1.97835E-07
574,0,-21.42638506,1.22279E-07
575,0,-21.42638506,7.9099E-08
576,0,-21.42638506,5.29011E-08
577,0,-21.42638506,3.62859E-08
578,0,-21.42638506,2.53843E-08
579,0,-21.42638506,1.80381E-08
580,0,-21.42638506,1.2981E-08
581,0,-21.42638506,9.43897E-09
582,0,-21.42638506,6.92246E-09
583,0,-21.42638506,5.11329E-09
584,0,-21.42638506,3.79971E-09
585,0,-21.42638506,2.83797E-09
586,0,-21.42638506,2.12883E-09
587,0,-21.42638506,1.60279E-09
588,0,-21.42638506,1.21056E-09
589,0,-21.42638506,9.16805E-10
590,0,-21.42638506,6.95963E-10
591,0,-21.42638506,5.29389E-10
592,0,-21.42638506,3.74985E-10
593,0,-21.42638506,-1.52611E-20
594,0,-21.42638506,-1.52611E-20
595,0,-21.42638506,-1.52611E-20
596,0,-21.42638506,-1.52611E-20
597,0,-21.42638506,-1.52611E-20
598,0,-21.42638506,-1.52611E-20
599,0,-21.42638506,-1.52611E-20
600,0,-21.42638506,-1.47184E-20
601,-75.12138501,-110.1395883,0.013021969
602,-101.393847,47.98420281,0.817954719
603,-101.3706969,79.92879724,2.734175011
604,-101.3706969,79.92879724,5.607924081
605,-101.3706969,79.92879724,9.629338379
606,-101.3706969,79.92879724,15.9197449
607,-101.3706969,79.92879724,21.54722487
608,-101.3706969,79.92879724,27.2828177
609,-101.3706969,79.92879724,32.27389715
610,-101.3706969,79.92879724,36.15529657
611,-101.3706969,79.92879724,40.29796115
612,-101.3706969,79.92879724,44.40762648
613,-101.3706969,79.92879724,47.06129819
614,-101.3706969,79.92879724,48.54412073
615,-101.3706969,79.92879724,48.86514673
616,-101.3706969,79.92879724,48.66399454
617,-101.3706969,79.92879724,48.45555166
618,-101.3706969,79.92879724,48.14545005
619,-101.3706969,79.92879724,47.56860947
620,-101.3706969,79.92879724,46.6197297
621,-101.3706969,79.92879724,45.49954439
622,-101.3706969,79.92879724,44.60724839
623,-101.3706969,79.92879724,44.18905258
624,-101.3706969,79.92879724,44.17726461
625,-101.3706969,79.92879724,44.54172228
626,-101.3706969,79.92879724,45.20534379
627,-101.3706969,79.92879724,45.79830358
628,-101.3706969,79.92879724,46.06367189
629,-101.3706969,79.92879724,46.07579376
630,-101.3706969,79.92879724,46.08581611
631,-101.3706969,79.92879724,46.3277215
632,-101.3706969,79.92879724,47.05485492
633,-101.3706969,79.92879724,48.17002836
634,-101.3706969,79.92879724,49.5107271
635,-101.3706969,79.92879724,50.94564673
636,-101.3706969,79.92879724,52.19546021
637,-70.95948781,49.52224255,53.01411939
638,0,-21.42638506,53.31341174
639,0,-21.42638506,53.21440137
640,0,-21.42638506,53.00334082
641,0,-21.42638506,52.77743196
642,0,-21.42638506,52.83771237
643,0,-21.42638506,53.55751386
644,0,-21.42638506,54.36803365
645,0,-21.42638506,54.99666915
646,0,-21.42638506,55.50728842
647,0,-21.42638506,55.97741372
648,0,-21.42638506,56.42851382
649,0,-21.42638506,56.8139082
650,0,-21.42638506,56.97979328
651,0,-21.42638506,56.72483153
652,-2.027413937,-19.39928141,55.4245009
653,-101.3706969,79.92879735,53.33773186
654,0,-21.42638506,51.21776035
655,-101.3706969,79.92879735,48.69090611
656,-101.3706969,79.92879735,45.16592935
657,-101.3706969,79.92879735,41.11162453
658,-6.082241812,-15.34507412,37.39552701
659,-95.28845506,73.8474864,34.97887407
660,-101.3706969,79.92879735,32.29615079
661,-101.3706969,79.92879735,28.17060871
662,-12.16448362,-9.263763173,22.73586304
663,-89.20621324,67.76617546,17.47242381
664,-14.19189756,-7.236659525,13.81131211
665,0,-21.42638506,12.19105447
666,0,-21.42638506,11.72411349
667,0,-21.42638506,12.69401178
668,0,-21.42638506,15.65401124
669,0,-21.42638506,20.58464983
670,0,-21.42638506,25.43812705
671,0,-21.42638506,30.00886688
672,0,-21.42638506,33.17408639
673,0,-21.42638506,35.13952666
674,0,-21.42638506,37.15214864
675,0,-21.42638506,39.15549758
676,0,-21.42638506,40.45545362
677,0,-21.42638506,40.66452527
678,-64.877246,43.44093168,40.0335243
679,-101.3706969,79.92879735,37.50767622
680,-101.3706969,79.92879735,33.80077771
681,-101.3706969,79.92879735,29.41120531
682,-101.3706969,79.92879735,24.85032197
683,-44.60310662,23.1698952,21.08689585
684,-54.74017631,33.30541344,19.27000344
685,-48.6579345,27.22410249,18.20336987
686,0,-21.42638506,19.48716963
687,0,-21.42638506,22.24772478
688,0,-21.42638506,24.75671699
689,0,-21.42638506,27.0685926
690,0,-21.42638506,29.27767376
691,0,-21.42638506,30.65436304
692,0,-21.42638506,31.16934186
693,0,-21.42638506,31.53065907
694,0,-21.42638506,32.28583498
695,0,-21.42638506,33.04227938
696,0,-21.42638506,33.03121458
697,-30.41120906,8.980169661,30.50456897
698,-101.3706969,79.92879735,27.10158726
699,-101.3706969,79.92879735,23.966864
700,-75.01431568,53.57644992,21.99352386
701,0,-21.42638506,21.17609625
702,0,-21.42638506,20.83279414
703,0,-21.42638506,20.78949771
704,0,-21.42638506,20.80640526
705,0,-21.42638506,20.34672843
706,-14.19189756,-7.236659525,18.85997143
707,-101.3706969,79.92879735,16.39860103
708,-91.23362718,69.79327911,13.83150826
709,0,-21.42638506,12.2869469
710,0,-21.42638506,12.20673872
711,0,-21.42638506,14.56255136
712,0,-21.42638506,18.88394414
713,0,-21.42638506,21.7331796
714,0,-21.42638506,21.82130875
715,-99.34328293,77.9016937,20.05959233
716,-101.3706969,79.92879735,16.28136895
717,-6.082241812,-15.34507412,13.00041593
718,0,-21.42638506,11.84924692
719,0,-21.42638506,12.17511671
720,0,-21.42638506,14.06075702
721,0,-21.42638506,17.10673461
722,0,-21.42638506,19.64834059
723,0,-21.42638506,21.74328801
724,0,-21.42638506,23.4626456
725,0,-21.42638506,25.43674747
726,0,-21.42638506,28.3488836
727,0,-21.42638506,32.39233633
728,0,-21.42638506,36.30584311
729,0,-21.42638506,39.04410911
730,0,-21.42638506,41.09121323
731,0,-21.42638506,42.1131319
732,0,-21.42638506,42.28849567
733,0,-21.42638506,42.33498878
734,0,-21.42638506,42.45261915
735,0,-21.42638506,42.63486636
736,0,-21.42638506,42.93148205
737,0,-21.42638506,43.37955982
738,0,-21.42638506,43.89061726
739,0,-21.42638506,44.16024021
740,0,-21.42638506,44.5916206
741,0,-21.42638506,45.72631461
742,0,-21.42638506,46.81817865
743,0,-21.42638506,47.44371378
744,0,-21.42638506,47.54896122
745,0,-21.42638506,47.55992505
746,0,-21.42638506,47.5501815
747,0,-21.42638506,47.71067311
748,0,-21.42638506,48.19131308
749,0,-21.42638506,48.93837637
750,0,-21.42638506,49.63898919
751,0,-21.42638506,49.9325947
752,0,-21.42638506,49.88776681
753,0,-21.42638506,49.6525828
754,0,-21.42638506,49.08046636
755,-22.30155331,0.871755068,48.19053656
756,-101.3706969,79.92879735,47.02201662
757,-101.3706969,79.92879735,45.01587377
758,-101.3706969,79.92879735,41.44362149
759,-101.3706969,79.92879735,36.54881893
760,-101.3706969,79.92879735,31.35660848
761,-101.3706969,79.92879735,26.12431356
762,-101.3706969,79.92879735,20.4851319
763,-101.3706969,79.92879735,15.81907933
764,-91.23362718,69.79327911,12.704694
765,0,-21.42638506,11.80744477
766,0,-21.42638506,13.63405019
767,0,-21.42638506,17.16248304
768,0,-21.42638506,20.69956562
769,0,-21.42638506,24.11499002
770,0,-21.42638506,27.94220147
771,0,-21.42638506,32.79294718
772,0,-21.42638506,37.15500501
773,0,-21.42638506,41.73068042
774,0,-21.42638506,45.89498527
775,0,-21.42638506,49.1701629
776,0,-21.42638506,52.54181583
777,0,-21.42638506,55.15767949
778,0,-21.42638506,57.20131604
779,0,-21.42638506,59.02435505
780,0,-21.42638506,60.34933873
781,0,-21.42638506,61.50317017
782,0,-21.42638506,62.51398879
783,0,-21.42638506,63.2114774
784,0,-21.42638506,63.65323827
785,0,-21.42638506,63.95636721
786,0,-21.42638506,64.39280928
787,0,-21.42638506,64.99877983
788,0,-21.42638506,65.40092029
789,0,-21.42638506,65.47892358
790,0,-21.42638506,65.46886737
791,0,-21.42638506,65.58027536
792,0,-21.42638506,65.85095271
793,0,-21.42638506,65.9487414
794,-60.82241812,39.38672438,64.84058607
795,-101.3706969,79.92879735,61.75434601
796,-101.3706969,79.92879735,57.18000375
797,-101.3706969,79.92879735,51.88701613
798,-101.3706969,79.92879735,46.79385648
799,-101.3706969,79.92879735,43.31299477
800,-50.68534843,29.25120614,41.5744882
801,0,-21.42638506,41.0307886
802,0,-21.42638506,40.75651156
803,0,-21.42638506,42.4782379
804,0,-21.42638506,45.80599132
805,0,-21.42638506,49.47729237
806,0,-21.42638506,51.87596922
807,0,-21.42638506,52.92036338
808,0,-21.42638506,52.99028326
809,-32.438623,11.00727331,52.16162769
810,-101.3706969,79.92879735,50.65877746
811,-101.3706969,79.92879735,48.62680932
812,-101.3706969,79.92879735,45.54678604
813,-101.3706969,79.92879735,41.63354555
814,-101.3706969,79.92879735,37.34601548
815,-101.3706969,79.92879735,33.02558268
816,-101.3706969,79.92879735,28.42641131
817,-101.3706969,79.92879735,23.37856312
818,-101.3706969,79.92879735,19.32314676
819,-85.15138537,63.71196816,16.91069428
820,0,-21.42638506,16.977558
821,0,-21.42638506,19.17236964
822,0,-21.42638506,22.89225604
823,0,-21.42638506,26.31423917
824,0,-21.42638506,29.11361278
825,0,-21.42638506,31.75219426
826,0,-21.42638506,34.10258938
827,0,-21.42638506,36.22555144
828,0,-21.42638506,38.16124389
829,0,-21.42638506,40.24574608
830,0,-21.42638506,42.79150353
831,0,-21.42638506,45.27898929
832,0,-21.42638506,47.09322039
833,0,-21.42638506,48.13108832
834,0,-21.42638506,48.65614091
835,0,-21.42638506,49.14243173
836,0,-21.42638506,49.67308948
837,0,-21.42638506,50.1211339
838,0,-21.42638506,50.60313554
839,0,-21.42638506,51.35334672
840,0,-21.42638506,52.19228297
841,0,-21.42638506,52.94178919
842,0,-21.42638506,53.87961742
843,0,-21.42638506,54.72145781
844,0,-21.42638506,55.62082371
845,0,-21.42638506,56.47741483
846,0,-21.42638506,56.92320932
847,0,-21.42638506,57.16557863
848,0,-21.42638506,57.43561543
849,0,-21.42638506,58.02979995
850,0,-21.42638506,59.12846787
851,0,-21.42638506,60.48841892
852,0,-21.42638506,61.51728552
853,0,-21.42638506,62.17593908
854,0,-21.42638506,62.74918829
855,0,-21.42638506,63.26339356
856,0,-21.42638506,63.56424484
857,0,-21.42638506,63.64203221
858,0,-21.42638506,63.94503661
859,0,-21.42638506,64.95734657
860,0,-21.42638506,66.22110592
861,0,-21.42638506,67.19315527
862,0,-21.42638506,68.07343072
863,0,-21.42638506,69.69135515
864,0,-21.42638506,71.59672497
865,0,-21.42638506,72.7281023
866,0,-21.42638506,73.29274788
867,0,-21.42638506,74.02582727
868,0,-21.42638506,75.24391392
869,0,-21.42638506,76.41539489
870,0,-21.42638506,76.84473768
871,0,-21.42638506,76.65818156
872,0,-21.42638506,76.24820155
873,0,-21.42638506,75.77409617
874,0,-21.42638506,75.25186189
875,0,-21.42638506,74.51849055
876,-8.109655749,-13.31797047,73.44588444
877,-101.3706969,79.92879735,72.07599573
878,-97.31586899,75.87459005,70.82389366
879,0,-21.42638506,70.10116311
880,0,-21.42638506,69.81733
881,0,-21.42638506,69.52580719
882,0,-21.42638506,68.59090485
883,0,-21.42638506,67.86572158
884,0,-21.42638506,67.80397314
885,0,-21.42638506,67.88632417
886,0,-21.42638506,68.08955317
887,0,-21.42638506,68.39455088
888,0,-21.42638506,68.61168398
889,0,-21.42638506,68.64744451
890,0,-21.42638506,68.40248319
891,0,-21.42638506,67.86901697
892,-79.06914356,57.63065722,66.90413915
893,-101.3706969,79.92879735,65.5992933
894,-26.35638119,4.925962364,64.25993431
895,-72.98690175,51.54934627,63.09628629
896,-30.41120906,8.980169661,62.22628148
897,0,-21.42638506,61.82985141
898,0,-21.42638506,61.6920935
899,0,-21.42638506,61.69649826
900,0,-21.42638506,61.59965151
901,0,-21.42638506,61.26172913
902,-58.79500418,37.35962074,60.45202198
903,-101.3706969,79.92879735,57.1887311
904,-101.3706969,79.92879735,51.8941518
905,-101.3706969,79.92879735,46.79686954
906,-101.3706969,79.92879735,43.31419834
907,-50.68534843,29.25120614,41.57540338
908,0,-21.42638506,41.03145732
909,0,-21.42638506,40.7569801
910,0,-21.42638506,42.4785508
911,0,-21.42638506,45.8062101
912,0,-21.42638506,49.47741192
913,0,-21.42638506,51.96542335
914,0,-21.42638506,53.34377042
915,0,-21.42638506,55.36423034
916,0,-21.42638506,57.64233979
917,0,-21.42638506,58.78203873
918,0,-21.42638506,59.39487495
919,0,-21.42638506,59.22858719
920,0,-21.42638506,59.24583658
921,0,-21.42638506,59.76203285
922,0,-21.42638506,60.97139718
923,0,-21.42638506,62.69434832
924,0,-21.42638506,64.3642134
925,0,-21.42638506,65.06601913
926,-14.19189756,-7.236659525,63.91712441
927,-89.20621324,67.76617546,62.61859029
928,0,-21.42638506,61.85445964
929,0,-21.42638506,61.18697798
930,0,-21.42638506,60.70781438
931,0,-21.42638506,60.31476047
932,0,-21.42638506,59.97479888
933,0,-21.42638506,59.58820342
934,0,-21.42638506,59.08108179
935,0,-21.42638506,58.17078656
936,-97.31586899,75.87459005,57.05703586
937,-6.082241812,-15.34507412,56.25442977
938,0,-21.42638506,55.69321342
939,0,-21.42638506,55.18544722
940,0,-21.42638506,54.67072453
941,0,-21.42638506,54.16074777
942,0,-21.42638506,53.87139114
943,0,-21.42638506,53.77431278
944,0,-21.42638506,53.7447476
945,0,-21.42638506,53.79974951
946,0,-21.42638506,53.95267222
947,0,-21.42638506,54.32976474
948,0,-21.42638506,55.11247561
949,0,-21.42638506,55.90354464
950,0,-21.42638506,56.29740928
951,0,-21.42638506,56.02419514
952,-64.877246,43.44093168,54.2410616
953,-101.3706969,79.92879735,50.80408925
954,-101.3706969,79.92879735,45.8493441
955,-101.3706969,79.92879735,40.43526988
956,-101.3706969,79.92879735,34.93462173
957,-101.3706969,79.92879735,29.60691893
958,-101.3706969,79.92879735,25.93304975
959,-46.63052056,25.19699885,24.25178915
960,0,-21.42638506,26.49317047
961,0,-21.42638506,31.07617849
962,0,-21.42638506,36.92495012
963,0,-21.42638506,42.11357206
964,0,-21.42638506,46.66510384
965,0,-21.42638506,49.93458645
966,0,-21.42638506,51.63805858
967,0,-21.42638506,52.36667816
968,0,-21.42638506,52.38916514
969,0,-21.42638506,52.12679028
970,0,-21.42638506,51.52536702
971,-34.46603694,13.03437696,50.21350856
972,-101.3706969,79.92879735,47.60718039
973,-101.3706969,79.92879735,43.20942609
974,-101.3706969,79.92879735,37.83552418
975,-101.3706969,79.92879735,31.99671105
976,-101.3706969,79.92879735,26.83835786
977,-101.3706969,79.92879735,21.54689923
978,-101.3706969,79.92879735,17.25784393
979,-101.3706969,79.92879735,14.2650211
980,-81.09655749,59.65776087,11.71233317
981,0,-21.42638506,9.580725468
982,0,-21.42638506,7.879429892
983,0,-21.42638506,6.240808604
984,0,-21.42638506,4.235479763
985,0,-21.42638506,2.0361245
986,0,-21.42638506,0.46322516
987,0,-21.42638506,0.000177271
988,0,-21.42638506,4.82577E-06
989,0,-21.42638506,1.45749E-06
990,0,-21.42638506,6.43379E-07
991,0,-21.42638506,3.37666E-07
992,0,-21.42638506,1.95822E-07
993,0,-21.42638506,1.21165E-07
994,0,-21.42638506,7.84389E-08
995,0,-21.42638506,5.24899E-08
996,0,-21.42638506,3.60199E-08
997,0,-21.42638506,2.5207E-08
998,0,-21.42638506,1.79171E-08
999,0,-21.42638506,1.28969E-08
1000,0,-21.42638506,9.37961E-09
1001,0,-21.42638506,6.88E-09
1002,0,-21.42638506,5.0826E-09
1003,0,-21.42638506,3.77732E-09
1004,0,-21.42638506,2.82151E-09
1005,0,-21.42638506,2.11666E-09
1006,0,-21.42638506,1.59374E-09
1007,0,-21.42638506,1.20379E-09
1008,0,-21.42638506,9.11728E-10
1009,0,-21.42638506,6.9214E-10
1010,0,-21.42638506,5.26501E-10
1011,0,-21.42638506,3.65793E-10
1012,0,-21.42638506,6.64565E-20
1013,0,-21.42638506,6.64565E-20
1014,0,-21.42638506,6.64565E-20
1015,0,-21.42638506,6.64565E-20
1016,0,-21.42638506,6.64565E-20
1017,0,-21.42638506,6.64565E-20
1018,0,-21.42638506,6.64565E-20
1019,0,-21.42638506,6.64565E-20
1020,0,-21.42638506,6.64565E-20
1021,0,-21.42638506,6.64565E-20
1022,0,-21.42638506,6.64565E-20
1023,0,-21.42638506,6.64565E-20
1024,0,-21.42638506,6.64565E-20
1025,0,-21.42638506,6.64565E-20
1026,0,-21.42638506,6.40932E-20
1027,0,-21.42638506,0
1028,0,-185.1423458,0.794158701
1029,0,-53.37096277,4.874048909
1030,0,-21.42638506,10.73539673
1031,0,-21.42638506,17.05228456
1032,0,-21.42638506,22.0457094
1033,0,-21.42638506,26.25087684
1034,0,-21.42638506,29.99725161
1035,0,-21.42638506,33.20681577
1036,0,-21.42638506,36.22972928
1037,0,-21.42638506,38.7399418
1038,0,-21.42638506,40.75238383
1039,0,-21.42638506,42.66871549
1040,0,-21.42638506,44.88144207
1041,0,-21.42638506,47.28724089
1042,0,-21.42638506,49.32121185
1043,0,-21.42638506,51.12529705
1044,0,-21.42638506,52.38883938
1045,0,-21.42638506,52.93531151
1046,0,-21.42638506,53.06409193
1047,0,-21.42638506,53.14139421
1048,0,-21.42638506,53.29524643
1049,0,-21.42638506,53.32995626
1050,0,-21.42638506,52.89968229
1051,-87.17879931,65.73907181,51.65545709
1052,-101.3706969,79.92879735,49.82933408
1053,-101.3706969,79.92879735,47.67005343
1054,-101.3706969,79.92879735,45.12116999
1055,-101.3706969,79.92879735,41.97372363
1056,-101.3706969,79.92879735,38.02668831
1057,-24.32896725,2.898858716,32.66144629
1058,-75.01431568,53.57644992,27.50006095
1059,-101.3706969,79.92879735,22.72579306
1060,-101.3706969,79.92879735,18.43796926
1061,-101.3706969,79.92879735,14.69167252
1062,-32.438623,11.00727331,12.39015249
1063,0,-21.42638506,11.66939628
1064,0,-21.42638506,12.01762295
1065,0,-21.42638506,13.67233405
1066,0,-21.42638506,17.3658549
1067,0,-21.42638506,21.72262018
1068,0,-21.42638506,24.29676028
1069,0,-21.42638506,25.18189916
1070,0,-21.42638506,25.98604659
1071,0,-21.42638506,27.69058689
1072,0,-21.42638506,29.99232027
1073,0,-21.42638506,33.23530581
1074,0,-21.42638506,37.26415965
1075,0,-21.42638506,41.94067568
1076,0,-21.42638506,46.94727133
1077,0,-21.42638506,51.48659162
1078,0,-21.42638506,55.13887269
1079,0,-21.42638506,57.69892598
1080,0,-21.42638506,60.04457273
1081,0,-21.42638506,62.07389413
1082,0,-21.42638506,63.08732699
1083,0,-21.42638506,63.2101204
1084,-34.46603694,13.03437696,62.20295132
1085,-101.3706969,79.92879735,60.43356575
1086,-70.95948781,49.52224263,59.09463896
1087,0,-21.42638506,58.55176788
1088,0,-21.42638506,58.48793037
1089,0,-21.42638506,58.60670363
1090,0,-21.42638506,58.72532767
1091,0,-21.42638506,58.76823505
1092,0,-21.42638506,58.86174003
1093,0,-21.42638506,59.33435271
1094,0,-21.42638506,60.49377162
1095,0,-21.42638506,62.09098482
1096,0,-21.42638506,63.39329144
1097,0,-21.42638506,64.05563024
1098,0,-21.42638506,64.08739441
1099,-4.054827875,-17.37217777,63.35305753
1100,-101.3706969,79.92879735,61.59909645
1101,-101.3706969,79.92879735,59.79082067
1102,0,-21.42638506,58.70598438
1103,0,-21.42638506,58.04678911
1104,0,-21.42638506,58.81175713
1105,0,-21.42638506,60.64850952
1106,0,-21.42638506,62.40820362
1107,0,-21.42638506,63.83425152
1108,0,-21.42638506,64.49411663
1109,0,-21.42638506,64.25806928
1110,-85.15138537,63.71196816,63.02471733
1111,-18.24672544,-3.182452229,61.75959705
1112,0,-21.42638506,60.83261841
1113,0,-21.42638506,61.33373909
1114,0,-21.42638506,63.28515347
1115,0,-21.42638506,66.15799171
1116,0,-21.42638506,68.28878363
1117,0,-21.42638506,69.52558691
1118,0,-21.42638506,69.74962248
1119,0,-21.42638506,69.0655917
1120,-70.95948781,49.52224263,67.75574952
1121,-32.438623,11.00727331,66.65979889
1122,0,-21.42638506,65.98327711
1123,0,-21.42638506,65.35108565
1124,-62.84983206,41.41382803,64.11823841
1125,-101.3706969,79.92879735,61.750676
1126,-101.3706969,79.92879735,57.97979552
1127,-101.3706969,79.92879735,53.01619131
1128,-101.3706969,79.92879735,47.59241194
1129,-101.3706969,79.92879735,42.37527602
1130,-101.3706969,79.92879735,37.88967962
1131,-101.3706969,79.92879735,34.04534391
1132,-101.3706969,79.92879735,30.90869321
1133,-101.3706969,79.92879735,27.8324067
1134,-101.3706969,79.92879735,24.07263866
1135,-101.3706969,79.92879735,20.58101045
1136,-101.3706969,79.92879735,17.35267385
1137,-62.84983206,41.41382803,15.03163222
1138,0,-21.42638506,14.06085249
1139,0,-21.42638506,13.91712172
1140,0,-21.42638506,14.18006262
1141,0,-21.42638506,14.64536387
1142,0,-21.42638506,15.5373991
1143,0,-21.42638506,17.50551567
1144,0,-21.42638506,20.73336206
1145,0,-21.42638506,23.61161419
1146,0,-21.42638506,24.84000326
1147,-26.35638119,4.925962364,23.99291951
1148,-101.3706969,79.92879735,20.13862237
1149,-101.3706969,79.92879735,15.59112442
1150,-75.01431568,53.57644992,12.80382651
1151,0,-21.42638506,11.83148038
1152,0,-21.42638506,11.81010576
1153,0,-21.42638506,12.57053939
1154,0,-21.42638506,15.39049896
1155,0,-21.42638506,20.11796073
1156,0,-21.42638506,25.25260909
1157,0,-21.42638506,29.51312603
1158,0,-21.42638506,33.44562502
1159,0,-21.42638506,37.11054194
1160,0,-21.42638506,40.82492756
1161,0,-21.42638506,43.96229292
1162,0,-21.42638506,46.86613309
1163,0,-21.42638506,49.09430159
1164,0,-21.42638506,51.26805436
1165,0,-21.42638506,53.5432737
1166,0,-21.42638506,55.59051574
1167,0,-21.42638506,57.57671597
1168,0,-21.42638506,59.29783413
1169,0,-21.42638506,60.91709481
1170,0,-21.42638506,62.43750435
1171,0,-21.42638506,63.67408995
1172,0,-21.42638506,64.879904
1173,0,-21.42638506,66.32769406
1174,0,-21.42638506,67.73660453
1175,0,-21.42638506,69.0462161
1176,0,-21.42638506,70.29441508
1177,0,-21.42638506,71.25101829
1178,0,-21.42638506,72.21810521
1179,0,-21.42638506,73.16960791
1180,0,-21.42638506,73.99754652
1181,0,-21.42638506,74.68497968
1182,0,-21.42638506,75.35715871
1183,0,-21.42638506,76.03646251
1184,0,-21.42638506,76.75337554
1185,0,-21.42638506,77.54187129
1186,0,-21.42638506,78.27977574
1187,0,-21.42638506,78.85239389
1188,0,-21.42638506,79.40300595
1189,0,-21.42638506,80.04970439
1190,0,-21.42638506,80.68365178
1191,0,-21.42638506,81.34360036
1192,0,-21.42638506,82.01067319
1193,0,-21.42638506,82.70606076
1194,0,-21.42638506,83.22036288
1195,0,-21.42638506,83.67489817
1196,0,-21.42638506,84.06544451
1197,0,-21.42638506,84.48273976
1198,0,-21.42638506,84.97046912
1199,0,-21.42638506,85.43817662
1200,0,-21.42638506,85.93582522
1201,0,-21.42638506,86.56041524
1202,0,-21.42638506,87.11139534
1203,0,-21.42638506,87.70832972
1204,0,-21.42638506,88.21745243
1205,0,-21.42638506,88.55809125
1206,0,-21.42638506,88.90633196
1207,0,-21.42638506,89.20064147
1208,0,-21.42638506,89.55314053
1209,0,-21.42638506,90.00961751
1210,0,-21.42638506,90.41936478
1211,0,-21.42638506,90.81915642
1212,0,-21.42638506,91.18654394
1213,0,-21.42638506,91.48764414
1214,0,-21.42638506,91.78037987
1215,0,-21.42638506,92.07483705
1216,0,-21.42638506,92.46687206
1217,0,-21.42638506,92.96367133
1218,0,-21.42638506,93.25553758
1219,0,-21.42638506,93.45105262
1220,0,-21.42638506,93.63836107
1221,0,-21.42638506,93.82895957
1222,0,-21.42638506,93.99044901
1223,0,-21.42638506,94.0875717
1224,0,-21.42638506,94.20967089
1225,0,-21.42638506,94.36872422
1226,0,-21.42638506,94.50412388
1227,0,-21.42638506,94.66546575
1228,0,-21.42638506,94.76990549
1229,0,-21.42638506,94.89756168
1230,0,-21.42638506,95.06044479
1231,0,-21.42638506,95.19847001
1232,0,-21.42638506,95.36162315
1233,0,-21.42638506,95.49932701
1234,0,-21.42638506,95.66220708
1235,0,-21.42638506,95.7676794
1236,0,-21.42638506,95.89606458
1237,0,-21.42638506,96.0594396
1238,0,-21.42638506,96.19779355
1239,0,-21.42638506,96.36115667
1240,0,-21.42638506,96.49900954
1241,0,-21.42638506,96.69404702
1242,0,-21.42638506,96.89803584
1243,0,-21.42638506,97.10129165
1244,0,-21.42638506,97.2714824
1245,0,-21.42638506,97.37454808
1246,0,-21.42638506,97.43665575
1247,0,-21.42638506,97.43362905
1248,0,-21.42638506,97.42360045
1249,0,-21.42638506,97.38410421
1250,0,-21.42638506,97.31258606
1251,0,-21.42638506,97.30068687
1252,0,-21.42638506,97.29988937
1253,0,-21.42638506,97.26780987
1254,0,-21.42638506,97.16937263
1255,0,-21.42638506,97.06252869
1256,0,-21.42638506,96.95727087
1257,0,-21.42638506,96.82156813
1258,0,-21.42638506,96.58855678
1259,0,-21.42638506,96.28151458
1260,0,-21.42638506,95.93615559
1261,0,-21.42638506,95.59207407
1262,0,-21.42638506,95.37540971
1263,0,-21.42638506,95.2113475
1264,0,-21.42638506,95.08154897
1265,0,-21.42638506,94.92469735
1266,0,-21.42638506,94.79134576
1267,0,-21.42638506,94.59941605
1268,0,-21.42638506,94.42955656
1269,0,-21.42638506,94.35818725
1270,0,-21.42638506,94.3301944
1271,0,-21.42638506,94.27506193
1272,0,-21.42638506,94.21089253
1273,0,-21.42638506,94.02133879
1274,0,-21.42638506,93.71704183
1275,0,-21.42638506,93.18288789
1276,0,-21.42638506,92.49599466
1277,0,-21.42638506,91.70570313
1278,0,-21.42638506,90.97055464
1279,0,-21.42638506,90.28564957
1280,0,-21.42638506,89.64151939
1281,0,-21.42638506,88.97484301
1282,0,-21.42638506,88.3664921
1283,0,-21.42638506,87.73690088
1284,0,-21.42638506,87.04084097
1285,0,-21.42638506,86.33513383
1286,0,-21.42638506,85.63056265
1287,0,-21.42638506,84.95888266
1288,0,-21.42638506,84.35470147
1289,0,-21.42638506,83.76029147
1290,0,-21.42638506,83.16477042
1291,0,-21.42638506,82.56782114
1292,0,-21.42638506,81.969874
1293,0,-21.42638506,81.37119659
1294,0,-21.42638506,80.77198594
1295,0,-21.42638506,80.17245143
1296,0,-21.42638506,79.60379709
1297,0,-21.42638506,79.16528633
1298,0,-21.42638506,78.86893182
1299,0,-21.42638506,78.58850275
1300,0,-21.42638506,78.30316565
1301,0,-21.42638506,78.01326383
1302,0,-21.42638506,77.72015426
1303,0,-21.42638506,77.42484992
1304,0,-21.42638506,77.1280619
1305,0,-21.42638506,76.8302525
1306,0,-21.42638506,76.40760792
1307,0,-21.42638506,75.93588415
1308,0,-21.42638506,75.89155278
1309,0,-21.42638506,75.88937601
1310,0,-21.42638506,75.84752911
1311,0,-21.42638506,75.82420242
1312,0,-21.42638506,75.73956783
1313,0,-21.42638506,75.61062925
1314,0,-21.42638506,75.38222437
1315,0,-21.42638506,75.10866799
1316,0,-21.42638506,74.86259719
1317,0,-21.42638506,74.46945763
1318,0,-21.42638506,73.9302586
1319,0,-21.42638506,73.49660173
1320,0,-21.42638506,73.2756626
1321,0,-21.42638506,73.55219835
1322,0,-21.42638506,74.21404754
1323,0,-21.42638506,75.25852436
1324,0,-21.42638506,76.65304108
1325,0,-21.42638506,78.29303331
1326,0,-21.42638506,79.75467426
1327,0,-21.42638506,80.72045995
1328,0,-21.42638506,81.13486296
1329,0,-21.42638506,81.22996002
1330,0,-21.42638506,81.1767537
1331,0,-21.42638506,81.12212255
1332,0,-21.42638506,81.08345143
1333,0,-21.42638506,81.0250242
1334,0,-21.42638506,80.84467374
1335,0,-21.42638506,80.52848943
1336,0,-21.42638506,80.20059404
1337,0,-21.42638506,79.94373967
1338,0,-21.42638506,79.82637034
1339,0,-21.42638506,79.76274525
1340,0,-21.42638506,79.76558294
1341,0,-21.42638506,79.80771889
1342,0,-21.42638506,79.91391149
1343,0,-21.42638506,80.12215059
1344,0,-21.42638506,80.52685132
1345,0,-21.42638506,80.95416364
1346,0,-21.42638506,81.34261949
1347,0,-21.42638506,81.59425563
1348,0,-21.42638506,81.66784014
1349,0,-21.42638506,81.59247214
1350,0,-21.42638506,81.2197274
1351,0,-21.42638506,80.36694833
1352,-40.54827875,19.1156879,79.04815317
1353,-101.3706969,79.92879735,77.57903907
1354,-101.3706969,79.92879735,76.08262705
1355,-101.3706969,79.92879735,74.54947206
1356,-101.3706969,79.92879735,72.9226305
1357,-101.3706969,79.92879735,71.10038985
1358,-101.3706969,79.92879735,69.13290287
1359,-101.3706969,79.92879735,67.06874866
1360,-101.3706969,79.92879735,64.8555448
1361,-101.3706969,79.92879735,62.59788887
1362,-101.3706969,79.92879735,60.80435849
1363,-83.12397143,61.68486451,59.74232627
1364,0,-21.42638506,59.64214442
1365,0,-21.42638506,60.47433893
1366,0,-21.42638506,61.8192076
1367,0,-21.42638506,62.65615944
1368,0,-21.42638506,62.62333605
1369,-6.082241812,-15.34507412,61.28715154
1370,-101.3706969,79.92879735,59.40660002
1371,-99.34328293,77.9016937,58.11193696
1372,0,-21.42638506,57.64565047
1373,0,-21.42638506,57.62075249
1374,0,-21.42638506,57.5382124
1375,0,-21.42638506,56.93802494
1376,-95.28845506,73.8474864,55.37404672
1377,-101.3706969,79.92879735,52.58225339
1378,-8.109655749,-13.31797047,48.41031453
1379,-93.26104112,71.82038276,42.9897554
1380,-101.3706969,79.92879735,37.5620556
1381,-12.16448362,-9.263763173,32.00736832
1382,-87.17879931,65.73907181,28.19311338
1383,-14.19189756,-7.236659525,27.6433367
1384,0,-21.42638506,30.31107472
1385,0,-21.42638506,33.89940578
1386,0,-21.42638506,36.20917052
1387,0,-21.42638506,37.28066089
1388,0,-21.42638506,38.53058084
1389,0,-21.42638506,40.87477527
1390,0,-21.42638506,44.39251933
1391,0,-21.42638506,48.3450872
1392,0,-21.42638506,51.30457176
1393,0,-21.42638506,53.52729741
1394,0,-21.42638506,54.81842974
1395,0,-21.42638506,55.20816536
1396,0,-21.42638506,55.07905877
1397,0,-21.42638506,54.66396419
1398,0,-21.42638506,53.88067927
1399,-62.84983206,41.41382803,52.79299317
1400,-101.3706969,79.92879735,51.48484971
1401,-101.3706969,79.92879735,49.93681483
1402,-101.3706969,79.92879735,48.24887052
1403,-101.3706969,79.92879735,46.26403198
1404,-101.3706969,79.92879735,43.42029296
1405,-101.3706969,79.92879735,39.01106736
1406,-101.3706969,79.92879735,33.56315043
1407,-101.3706969,79.92879735,29.12365859
1408,-50.68534843,29.25120614,26.93882146
1409,0,-21.42638506,26.74542925
1410,0,-21.42638506,27.13042963
1411,0,-21.42638506,27.32660726
1412,0,-21.42638506,27.21672285
1413,0,-21.42638506,26.90475299
1414,0,-21.42638506,25.97011549
1415,0,-21.42638506,26.79239344
1416,0,-21.42638506,29.09281659
1417,0,-21.42638506,32.15012789
1418,0,-21.42638506,35.97696969
1419,0,-21.42638506,39.44067946
1420,0,-21.42638506,41.38982991
1421,0,-21.42638506,41.55054146
1422,-32.438623,11.00727331,39.7857602
1423,-101.3706969,79.92879735,36.87590685
1424,-70.95948781,49.52224263,34.79607498
1425,0,-21.42638506,34.35147545
1426,0,-21.42638506,35.21526295
1427,0,-21.42638506,37.59941559
1428,0,-21.42638506,40.57123238
1429,0,-21.42638506,42.30210283
1430,0,-21.42638506,42.46577742
1431,-26.35638119,4.925962364,41.22195653
1432,-101.3706969,79.92879735,38.44621005
1433,-101.3706969,79.92879735,33.93820945
1434,-101.3706969,79.92879735,28.55492754
1435,-101.3706969,79.92879735,22.79367778
1436,-79.06914356,57.63065722,19.37725456
1437,0,-21.42638506,18.96427933
1438,0,-21.42638506,20.04038936
1439,0,-21.42638506,21.37196578
1440,0,-21.42638506,21.99871202
1441,0,-21.42638506,21.76584555
1442,-12.16448362,-9.263763173,20.52575517
1443,-91.23362718,69.79327911,18.85968412
1444,0,-21.42638506,18.08060572
1445,0,-21.42638506,18.02986549
1446,0,-21.42638506,18.32134262
1447,0,-21.42638506,18.22113985
1448,-2.027413937,-19.39928141,16.498349
1449,-99.34328293,77.9016937,12.40185174
1450,0,-21.42638506,7.167590304
1451,0,-21.42638506,2.825154092
1452,0,-21.42638506,0.543636898
1453,0,-21.42638506,0.000193558
1454,0,-21.42638506,4.86442E-06
1455,0,-21.42638506,1.46456E-06
1456,0,-21.42638506,6.45721E-07
1457,0,-21.42638506,3.38677E-07
1458,0,-21.42638506,1.96329E-07
1459,0,-21.42638506,1.21446E-07
1460,0,-21.42638506,7.86054E-08
1461,0,-21.42638506,5.25937E-08
1462,0,-21.42638506,3.60871E-08
1463,0,-21.42638506,2.52518E-08
1464,0,-21.42638506,1.79477E-08
1465,0,-21.42638506,1.29182E-08
1466,0,-21.42638506,9.39462E-09
1467,0,-21.42638506,6.89074E-09
1468,0,-21.42638506,5.09036E-09
1469,0,-21.42638506,3.78299E-09
1470,0,-21.42638506,2.82568E-09
1471,0,-21.42638506,2.11974E-09
1472,0,-21.42638506,1.59603E-09
1473,0,-21.42638506,1.20551E-09
1474,0,-21.42638506,9.13018E-10
1475,0,-21.42638506,6.93112E-10
1476,0,-21.42638506,5.27237E-10
1477,0,-21.42638506,3.73471E-10
1478,0,-21.42638506,2.15567E-19
1479,0,-185.1423458,0.528456005
1480,0,-57.36403498,2.882928007
1481,0,-21.42638506,5.132813586
1482,0,-21.42638506,6.941984938
1483,0,-21.42638506,8.556211668
1484,0,-21.42638506,9.878727257
1485,0,-21.42638506,11.41967182
1486,0,-21.42638506,12.58164581
1487,0,-21.42638506,14.09162084
1488,0,-21.42638506,16.08163456
1489,0,-21.42638506,18.62370695
1490,0,-21.42638506,21.74368975
1491,0,-21.42638506,25.19904536
1492,0,-21.42638506,28.86503124
1493,0,-21.42638506,32.55387132
1494,0,-21.42638506,35.84336345
1495,0,-21.42638506,39.06925688
1496,0,-21.42638506,42.07964533
1497,0,-21.42638506,44.67000929
1498,0,-21.42638506,46.66728124
1499,0,-21.42638506,48.45085757
1500,0,-21.42638506,50.01616356
1501,0,-21.42638506,51.11561754
1502,0,-21.42638506,51.89954675
1503,0,-21.42638506,52.58773799
1504,0,-21.42638506,53.18913051
1505,0,-21.42638506,53.81964701
1506,0,-21.42638506,54.36538593
1507,0,-21.42638506,54.8455803
1508,0,-21.42638506,55.36104351
1509,0,-21.42638506,55.98334046
1510,0,-21.42638506,56.75187859
1511,0,-21.42638506,57.80051863
1512,0,-21.42638506,59.26400963
1513,0,-21.42638506,61.14843275
1514,0,-21.42638506,63.40190658
1515,0,-21.42638506,65.85183256
1516,0,-21.42638506,68.19371722
1517,0,-21.42638506,69.88155176
1518,0,-21.42638506,71.29377865
1519,0,-21.42638506,72.42535735
1520,0,-21.42638506,73.21506506
1521,0,-21.42638506,73.79689686
1522,0,-21.42638506,74.1412425
1523,0,-21.42638506,74.27333086
1524,0,-21.42638506,74.04704866
1525,0,-21.42638506,73.36165549
1526,-62.84983206,41.41382803,71.86676553
1527,-101.3706969,79.92879735,69.81707024
1528,-101.3706969,79.92879735,67.44557992
1529,-101.3706969,79.92879735,65.0976516
1530,-101.3706969,79.92879735,63.06945774
1531,-101.3706969,79.92879735,61.5070577
1532,-50.68534843,29.25120614,60.41892998
1533,0,-21.42638506,59.89521898
1534,0,-21.42638506,59.2806636
1535,0,-21.42638506,60.23299933
1536,0,-21.42638506,61.76500101
1537,0,-21.42638506,63.98063312
1538,0,-21.42638506,66.6927988
1539,0,-21.42638506,69.78183014
1540,0,-21.42638506,73.12605218
1541,0,-21.42638506,76.586139
1542,0,-21.42638506,80.09940011
1543,0,-21.42638506,83.41063587
1544,0,-21.42638506,86.05614449
1545,0,-21.42638506,88.15245512
1546,0,-21.42638506,89.6085799
1547,0,-21.42638506,90.42936019
1548,0,-21.42638506,90.92627076
1549,0,-21.42638506,91.33821653
1550,0,-21.42638506,91.80937176
1551,0,-21.42638506,92.36052737
1552,0,-21.42638506,93.0492819
1553,0,-21.42638506,93.78974861
1554,0,-21.42638506,94.56314749
1555,0,-21.42638506,95.30846772
1556,0,-21.42638506,96.14059798
1557,0,-21.42638506,97.11055055
1558,0,-21.42638506,98.25181609
1559,0,-21.42638506,99.56867039
1560,0,-21.42638506,101.1191063
1561,0,-21.42638506,102.7545525
1562,0,-21.42638506,104.3878896
1563,0,-21.42638506,106.0120107
1564,0,-21.42638506,107.6604456
1565,0,-21.42638506,109.3701195
1566,0,-21.42638506,111.0846393
1567,0,-21.42638506,112.8268553
1568,0,-21.42638506,114.5683942
1569,0,-21.42638506,116.1515238
1570,0,-21.42638506,117.6160618
1571,0,-21.42638506,118.973961
1572,0,-21.42638506,120.228177
1573,0,-21.42638506,121.3796706
1574,0,-21.42638506,122.3656033
1575,0,-21.42638506,123.0853992
1576,0,-21.42638506,123.5886682
1577,0,-21.42638506,123.8558357
1578,0,-21.42638506,123.8545184
1579,0,-21.42638506,123.6432655
1580,0,-21.42638506,123.2968311
1581,0,-21.42638506,122.8839319
1582,0,-21.42638506,122.3846991
1583,0,-21.42638506,121.8816816
1584,0,-21.42638506,121.2327854
1585,0,-21.42638506,120.4756042
1586,0,-21.42638506,119.6189775
1587,0,-21.42638506,118.6630992
1588,0,-21.42638506,117.640129
1589,0,-21.42638506,116.6481257
1590,0,-21.42638506,115.7937371
1591,0,-21.42638506,115.1177549
1592,0,-21.42638506,114.5910753
1593,0,-21.42638506,114.2031014
1594,0,-21.42638506,113.8917943
1595,0,-21.42638506,113.7065616
1596,0,-21.42638506,113.4681557
1597,0,-21.42638506,113.0900262
1598,0,-21.42638506,112.5929891
1599,0,-21.42638506,111.8639295
1600,0,-21.42638506,111.0118261
1601,0,-21.42638506,110.0587611
1602,0,-21.42638506,109.0376264
1603,-10.13706969,-11.29086682,108.0766492
1604,-101.3706969,79.92879735,107.2872288
1605,-101.3706969,79.92879735,106.7187617
1606,-101.3706969,79.92879735,106.3395863
1607,-101.3706969,79.92879735,106.1615393
1608,-101.3706969,79.92879735,106.0650564
1609,-101.3706969,79.92879735,106.090652
1610,-101.3706969,79.92879735,106.1881964
1611,-101.3706969,79.92879735,106.377018
1612,-101.3706969,79.92879735,106.5728307
1613,-101.3706969,79.92879735,106.9166158
1614,-101.3706969,79.92879735,107.4025357
1615,-101.3706969,79.92879735,108.0555212
1616,-101.3706969,79.92879735,108.8488785
1617,-101.3706969,79.92879735,109.8385164
1618,-101.3706969,79.92879735,111.0011767
1619,-101.3706969,79.92879735,112.269698
1620,-101.3706969,79.92879735,113.538656
1621,-101.3706969,79.92879735,114.6414042
1622,-101.3706969,79.92879735,115.5871642
1623,-101.3706969,79.92879735,116.3235611
1624,-101.3706969,79.92879735,116.7821912
1625,-101.3706969,79.92879735,116.8661657
1626,-101.3706969,79.92879735,116.6279999
1627,-101.3706969,79.92879735,115.9852909
1628,-101.3706969,79.92879735,114.8051184
1629,-101.3706969,79.92879735,113.1709502
1630,-101.3706969,79.92879735,111.2214781
1631,-101.3706969,79.92879735,109.2943835
1632,-101.3706969,79.92879735,107.6352468
1633,-101.3706969,79.92879735,106.4334647
1634,-101.3706969,79.92879735,105.7153988
1635,-101.3706969,79.92879735,105.4962072
1636,-101.3706969,79.92879735,105.4864507
1637,-101.3706969,79.92879735,105.5119207
1638,-101.3706969,79.92879735,105.39786
1639,-101.3706969,79.92879735,105.0958287
1640,-101.3706969,79.92879735,104.6695095
1641,-101.3706969,79.92879735,104.1980345
1642,-101.3706969,79.92879735,103.8497976
1643,-101.3706969,79.92879735,103.7418585
1644,-101.3706969,79.92879735,103.9787418
1645,-101.3706969,79.92879735,104.5672635
1646,-101.3706969,79.92879735,105.4106091
1647,-101.3706969,79.92879735,106.4882579
1648,-101.3706969,79.92879735,107.7068227
1649,-101.3706969,79.92879735,109.0828119
1650,-101.3706969,79.92879735,110.5280483
1651,-101.3706969,79.92879735,111.9683908
1652,-101.3706969,79.92879735,113.3327632
1653,-101.3706969,79.92879735,114.5235631
1654,-101.3706969,79.92879735,115.5924801
1655,-101.3706969,79.92879735,116.5215274
1656,-101.3706969,79.92879735,117.3111903
1657,-101.3706969,79.92879735,118.0873649
1658,-101.3706969,79.92879735,118.8697751
1659,-101.3706969,79.92879735,119.6577603
1660,-101.3706969,79.92879735,120.4495418
1661,-101.3706969,79.92879735,121.2437376
1662,-101.3706969,79.92879735,122.0077143
1663,-101.3706969,79.92879735,122.7385781
1664,-101.3706969,79.92879735,123.496169
1665,-101.3706969,79.92879735,124.1658678
1666,-101.3706969,79.92879735,124.7612472
1667,-101.3706969,79.92879735,125.2856532
1668,-101.3706969,79.92879735,125.6804637
1669,-101.3706969,79.92879735,126.0290315
1670,-101.3706969,79.92879735,126.3162412
1671,-101.3706969,79.92879735,126.5674777
1672,-101.3706969,79.92879735,126.7250209
1673,-101.3706969,79.92879735,126.8116085
1674,-101.3706969,79.92879735,126.8939932
1675,-101.3706969,79.92879735,126.9492661
1676,-101.3706969,79.92879735,126.9421669
1677,-34.46603694,13.03437696,126.9122425
1678,0,-21.42638506,126.7890253
1679,0,-21.42638506,126.5374171
1680,0,-21.42638506,126.2154653
1681,0,-21.42638506,125.8919402
1682,0,-21.42638506,125.6394822
1683,0,-21.42638506,125.5568976
1684,0,-21.42638506,125.6249875
1685,0,-21.42638506,125.8975208
1686,0,-21.42638506,126.3163921
1687,0,-21.42638506,126.7462297
1688,0,-21.42638506,127.1678492
1689,0,-21.42638506,127.5185742
1690,0,-21.42638506,127.7319802
1691,0,-21.42638506,127.8933753
1692,0,-21.42638506,127.9894028
1693,0,-21.42638506,128.078752
1694,0,-21.42638506,128.1708965
1695,0,-21.42638506,128.2654821
1696,0,-21.42638506,128.3617756
1697,0,-21.42638506,128.4592398
1698,0,-21.42638506,128.5575005
1699,0,-21.42638506,128.6242219
1700,0,-21.42638506,128.5929184
1701,0,-21.42638506,128.4551023
1702,0,-21.42638506,128.2443929
1703,0,-21.42638506,128.0286505
1704,0,-21.42638506,127.7851501
1705,0,-21.42638506,127.5110568
1706,0,-21.42638506,127.2974293
1707,0,-21.42638506,127.0953477
1708,0,-21.42638506,126.9265425
1709,0,-21.42638506,126.8243468
1710,0,-21.42638506,126.7306819
1711,0,-21.42638506,126.6997295
1712,0,-21.42638506,126.7998682
1713,0,-21.42638506,126.9477447
1714,0,-21.42638506,127.1901324
1715,0,-21.42638506,127.503511
1716,0,-21.42638506,127.853168
1717,0,-21.42638506,128.2642253
1718,0,-21.42638506,128.7117802
1719,0,-21.42638506,129.2213278
1720,0,-21.42638506,129.7677807
1721,0,-21.42638506,130.3444264
1722,0,-21.42638506,130.8277661
1723,0,-21.42638506,131.1684757
1724,0,-21.42638506,131.3345699
1725,0,-21.42638506,131.3544561
1726,0,-21.42638506,131.109173
1727,0,-21.42638506,130.4590051
1728,0,-21.42638506,129.360345
1729,0,-21.42638506,127.7236284
1730,-62.84983206,41.41382803,125.4675785
1731,-101.3706969,79.92879735,122.9290973
1732,-101.3706969,79.92879735,120.3161106
1733,-101.3706969,79.92879735,117.7227208
1734,-101.3706969,79.92879735,115.2432347
1735,-101.3706969,79.92879735,112.8736983
1736,-101.3706969,79.92879735,110.5596993
1737,-101.3706969,79.92879735,108.1982193
1738,-101.3706969,79.92879735,105.8415646
1739,-101.3706969,79.92879735,103.536788
1740,-101.3706969,79.92879735,101.3365258
1741,-101.3706969,79.92879735,99.39096509
1742,-62.84983206,41.41382803,97.77955276
1743,0,-21.42638506,96.45418217
1744,0,-21.42638506,95.2328231
1745,0,-21.42638506,94.17981517
1746,0,-21.42638506,93.19823265
1747,0,-21.42638506,92.2154017
1748,0,-21.42638506,91.29345697
1749,0,-21.42638506,90.49569061
1750,0,-21.42638506,89.77907434
1751,0,-21.42638506,89.22339062
1752,0,-21.42638506,88.74693026
1753,0,-21.42638506,88.27218593
1754,0,-21.42638506,87.79009906
1755,0,-21.42638506,87.30236219
1756,0,-21.42638506,86.81072011
1757,0,-21.42638506,86.31641629
1758,0,-21.42638506,85.78830964
1759,0,-21.42638506,85.22456635
1760,0,-21.42638506,84.68593045
1761,0,-21.42638506,84.09058165
1762,0,-21.42638506,83.48616282
1763,0,-21.42638506,82.8824958
1764,0,-21.42638506,82.27988784
1765,0,-21.42638506,81.6470362
1766,0,-21.42638506,80.88535947
1767,0,-21.42638506,79.81332936
1768,-89.20621324,67.76617546,78.26616491
1769,-101.3706969,79.92879735,76.22457898
1770,-101.3706969,79.92879735,73.63799242
1771,-101.3706969,79.92879735,70.60552876
1772,-101.3706969,79.92879735,67.38191646
1773,-101.3706969,79.92879735,64.16492587
1774,-101.3706969,79.92879735,61.05590568
1775,-101.3706969,79.92879735,58.20409318
1776,-101.3706969,79.92879735,55.65736918
1777,-101.3706969,79.92879735,53.25964553
1778,-101.3706969,79.92879735,50.66101648
1779,-101.3706969,79.92879735,47.96841144
1780,-101.3706969,79.92879735,44.89661034
1781,-101.3706969,79.92879735,41.46137982
1782,-101.3706969,79.92879735,37.92294889
1783,-101.3706969,79.92879735,34.3650182
1784,-101.3706969,79.92879735,31.45835357
1785,-101.3706969,79.92879735,29.08320103
1786,-101.3706969,79.92879735,27.0402947
1787,-48.6579345,27.22410249,24.60789241
1788,-50.68534843,29.25120614,22.83582753
1789,-52.71276237,31.27830979,21.03027551
1790,-46.63052056,25.19699885,18.98694571
1791,-101.3706969,79.92879735,16.52871638
1792,-101.3706969,79.92879735,13.61458675
1793,-58.79500418,37.35962074,10.37122341
1794,0,-21.42638506,6.903760044
1795,0,-21.42638506,2.500869337
1796,0,-21.42638506,0.000205115
1797,0,-21.42638506,4.8884E-06
1798,0,-21.42638506,1.46893E-06
1799,0,-21.42638506,6.47166E-07
1800,0,-21.42638506,3.3944E-07
