OBD times,OBD rpm,OBD coolant temperature,OBD engine load,OBD velocity
0,750,23.00033204,14.47513234,0
1,750,23.00033204,14.47513234,0
2,750,23.00033204,14.47513234,0
3,750,23.00033204,14.47513234,0
4,750,23.00033204,14.47513234,0
5,750,23.02639127,14.49153257,0
6,750,23.07616218,14.52285562,0
7,750,23.12589826,14.55415675,0
8,750,23.17559956,14.58543599,0
9,750,23.22526614,14.61669338,0
10,750,23.27489804,14.64792894,0
11,750,23.32449533,14.67914272,0
12,750,23.37405806,14.71033475,0
13,750,23.42358627,14.74150506,0.514929184
14,750,23.47308003,14.77265369,2.911253966
15,750,23.52253939,14.80378066,7.096452981
16,750.0091022,23.57196439,14.83488601,11.52783769
17,757.3610965,23.62694627,14.86948856,15.17823685
18,757.6698639,23.70760011,14.92024761,18.87203565
19,888.2592913,23.83130295,14.99809931,23.54810646
20,1395.909175,24.02349277,15.11905291,26.78298856
21,1837.937057,24.2438759,15.25774982,28.10248358
22,1467.354965,24.45684496,15.39178073,28.50990533
23,1634.207333,24.76010998,15.5826389,28.74537142
24,1858.703857,25.04254288,15.76038649,29.11108404
25,1337.891964,25.20156395,15.86046553,29.89193074
26,1225.478045,25.31269513,15.93040532,31.39568219
27,1235.599388,25.42000816,15.99794218,32.9818791
28,1251.319286,25.53528768,16.07049272,35.35856377
29,1284.883427,25.67513489,16.15850479,37.92229816
30,1349.521116,25.86556149,16.27834872,40.34169978
31,1417.702664,26.06543974,16.404141,41.97148632
32,1519.862768,26.32940873,16.57026843,42.96529575
33,1630.063071,26.62612741,16.7570067,43.74759363
34,1734.059332,26.92473467,16.94493353,44.32054009
35,1318.309308,27.14770471,17.0852585,44.67497408
36,1245.18126,27.33431284,17.20269929,44.62857592
37,1267.853108,27.51061324,17.31365298,43.78175255
38,1284.457723,27.67160312,17.41497108,41.49659884
39,1294.729607,27.81603901,17.50587101,38.54311554
40,1293.384938,27.92725494,17.57586414,35.48610937
41,1268.843071,27.9816689,17.61010927,33.15438265
42,1202.616817,27.98332169,17.61114944,30.38576789
43,1117.021641,27.99929011,17.62119908,26.79707438
44,1430.632069,28.02160686,17.63524401,22.83226008
45,1425.117607,28.02454268,17.63709165,20.84353902
46,1306.110666,28.02360663,17.63650255,20.12274653
47,1151.853223,28.0283014,17.63945717,19.58038068
48,1465.606706,28.04244634,17.64835921,18.68681738
49,1446.513942,28.0807495,17.6724651,17.86276817
50,1396.4919,28.15561804,17.7195832,17.56209772
51,1358.85243,28.23178981,17.76752148,17.45905508
52,1296.840323,28.29436122,17.80690046,16.47470852
53,1239.652401,28.35420279,17.84456142,14.30991918
54,1218.786272,28.42703997,17.8904011,12.4229433
55,1211.635249,28.50636444,17.94032352,11.89058585
56,1143.322904,28.55944762,17.97373112,11.83224493
57,993.0893971,28.60025831,17.99941511,11.87751976
58,862.1357757,28.64268119,18.02611371,12.02548493
59,825.1908757,28.69127356,18.05669505,12.3648125
60,821.1420929,28.7456238,18.09090008,13.39681867
61,824.2841062,28.80217557,18.12649062,15.02673195
62,834.5526926,28.86130892,18.16370588,15.69235094
63,858.1015752,28.92636567,18.20464898,16.16249156
64,929.7214339,29.01368952,18.25960577,16.68839696
65,1042.835252,29.13162375,18.33382702,17.50593765
66,1089.028327,29.22367436,18.39175857,18.04960303
67,1121.655462,29.3132829,18.44815321,18.3395809
68,1158.152598,29.40585015,18.5064099,19.31620533
69,1214.888837,29.51128981,18.57276777,21.74325839
70,1252.618493,29.612177,18.63626057,24.91146336
71,1272.742572,29.70628815,18.6954889,28.25247474
72,1340.519011,29.82712227,18.77153519,31.13463078
73,1508.953272,30.017788,18.89152961,33.5341894
74,1728.822491,30.265502,19.04742705,35.14423182
75,1960.684247,30.55333036,19.22857025,36.15232422
76,1463.603741,30.79331844,19.37960543,37.05670227
77,1441.44333,31.03654797,19.53268059,38.06930453
78,1510.649861,31.24703031,19.6651465,39.03137151
79,1553.981997,31.42430485,19.77671325,39.56795362
80,1592.856046,31.59818401,19.88614314,39.44936753
81,1636.382035,31.78341177,20.00271521,38.89584727
82,1677.735801,31.96984422,20.12004545,38.0294345
83,1700.800403,32.13226924,20.22226674,37.11890794
84,1695.703064,32.2540302,20.29889633,36.86131602
85,1671.910388,32.34604495,20.35680531,36.34909227
86,1634.66825,32.40587089,20.39445643,35.61479341
87,1595.529912,32.47099593,20.43544252,34.95474731
88,1584.457507,32.58011008,20.50411291,34.37005168
89,1562.439932,32.66643853,20.55844324,33.05706245
90,1530.876617,32.73803617,20.60350283,29.51554158
91,1502.505004,32.81139069,20.64966809,24.50354554
92,1477.372277,32.88590123,20.69656088,18.91913023
93,1420.934367,32.9287688,20.72353935,15.07969474
94,1268.704606,32.9271315,20.72250893,12.73205001
95,1053.267513,32.93801589,20.72935896,10.26895378
96,1195.426677,32.95643237,20.74094927,7.320704833
97,1046.510799,32.97009364,20.74954691,4.583393602
98,882.4578182,32.99439086,20.76483824,2.793656555
99,753.0501157,33.02839712,20.78623989,0.997027522
100,750.0000521,33.07140358,20.81330577,0.000194439
101,750,33.11447557,20.84041289,4.86634E-06
102,6.72E+02,33.15214135,20.86411764,1.46E-06
103,178.9532349,33.15613894,20.8666335,6.46E-07
104,0.174552021,33.15430615,20.86548004,3.39E-07
105,2.97838E-06,33.15247455,20.86432734,1.96E-07
106,0,33.15064329,20.86317484,1.21E-07
107,0,33.14881236,20.86202256,7.86E-08
108,0,33.14698177,20.86087049,5.26E-08
109,0,33.14515152,20.85971863,3.61E-08
110,0,33.14332161,20.85856698,2.53E-08
111,0,33.14149203,20.85741555,1.79E-08
112,0,33.13966278,20.85626432,1.29E-08
113,0,33.13783388,20.85511331,9.40E-09
114,0,33.13600531,20.85396251,6.89E-09
115,0,33.13417707,20.85281192,5.09E-09
116,0,33.13234917,20.85166154,3.78E-09
117,0,33.13052161,20.85051138,2.83E-09
118,0,33.12869438,20.84936142,2.12E-09
119,0,33.12686749,20.84821168,1.60E-09
120,0,33.12504094,20.84706214,1.21E-09
121,0,33.12321472,20.84591282,9.13E-10
122,0,33.12138883,20.84476371,6.93E-10
123,0,33.11956328,20.84361481,5.27E-10
124,0,33.11773807,20.84246613,3.73E-10
125,0,33.11591319,20.84131765,1.53E-20
126,0,33.11408865,20.84016938,1.53E-20
127,0,33.11226444,20.83902133,1.53E-20
128,0,33.11044057,20.83787348,1.53E-20
129,0,33.10861703,20.83672585,1.53E-20
130,0,33.10679383,20.83557843,1.53E-20
131,0,33.10497097,20.83443122,1.53E-20
132,0,33.10314843,20.83328422,1.53E-20
133,0,33.10132624,20.83213743,1.53E-20
134,0,33.09950437,20.83099085,1.53E-20
135,0,33.09768285,20.82984448,1.53E-20
136,0,33.09586165,20.82869832,1.53E-20
137,0,33.0940408,20.82755238,1.47E-20
138,0,33.09222027,20.82640664,0.00E+00
139,0,33.09040008,20.82526111,0.442124085
140,0,33.08858023,20.8241158,3.292186315
141,0,33.08676071,20.82297069,8.148139062
142,0,33.08494152,20.8218258,13.93715788
143,595.5431779,33.13443631,20.85297507,17.60696423
144,757.759755,33.222736,20.90854599,19.43394382
145,994.3730066,33.36252859,20.99652369,20.44973453
146,1687.654448,33.60923192,21.15178508,21.84661664
147,1353.29309,33.79169929,21.26661991,24.15130384
148,1348.689906,33.93355419,21.35589551,26.65018872
149,1419.184433,34.05903618,21.4348669,28.59267184
150,1516.126198,34.20593697,21.52731811,29.66818562
151,1676.06843,34.40502326,21.65261197,29.78007734
152,1849.487724,34.63358836,21.79645816,28.44258
153,1984.293474,34.85435903,21.93539897,24.9218912
154,2058.932703,35.04509507,22.05543764,19.87990136
155,2066.69784,35.19322522,22.14866253,15.17464593
156,1973.8773,35.25663199,22.18856724,12.41339472
157,1729.54617,35.2544464,22.18719175,12.00089357
158,1379.638767,35.25216021,22.18575295,12.98622753
159,1053.100286,35.25983732,22.19058449,15.29402115
160,861.473117,35.29076422,22.21004817,18.55866653
161,832.8460844,35.34011521,22.24110694,21.8625365
162,901.2269536,35.4178098,22.2900036,24.68881582
163,1061.384768,35.54966202,22.37298408,26.76908621
164,1287.946824,35.74244938,22.49431374,28.66310508
165,1517.231015,35.96042567,22.63149592,30.34028733
166,1713.371048,36.18545299,22.77311562,31.78884569
167,1857.739052,36.39295645,22.90370678,32.8346522
168,1350.614063,36.55885026,23.00811114,34.27130442
169,1304.155717,36.73294798,23.11767858,36.28593611
170,1366.42097,36.90948338,23.22878016,37.82180785
171,1411.37422,37.06677134,23.32776847,38.02920362
172,1473.127696,37.25196998,23.44432222,36.50662563
173,1559.72521,37.48445832,23.59063747,33.15700281
174,1625.743566,37.69699399,23.72439562,29.06362938
175,1634.658326,37.82733603,23.80642567,26.17785345
176,1569.211392,37.86572689,23.83058675,24.62169227
177,1425.230232,37.8629175,23.82881868,25.11418006
178,1249.279481,37.8604344,23.82725595,26.53595461
179,1125.236451,37.87058642,23.83364506,28.3331044
180,1587.423604,37.94916205,23.8830962,29.35642274
181,1742.890761,38.09226771,23.97315897,29.65320764
182,1841.560028,38.26632184,24.08269898,29.47865274
183,1334.753175,38.42292312,24.18125513,28.91701876
184,1261.864995,38.55478104,24.26423918,27.30674925
185,1274.622084,38.65540672,24.3275674,24.38773122
186,1267.118965,38.73070218,24.37495419,21.88844972
187,1242.977527,38.78674815,24.4102264,19.62728369
188,1173.761235,38.80937653,24.42446745,17.75022973
189,1565.508267,38.83924067,24.44326229,16.11647164
190,1519.029357,38.84710536,24.44821189,14.96928129
191,1362.107436,38.86170874,24.45740244,13.95099341
192,1231.842383,38.87158258,24.46361649,13.16882487
193,1118.46174,38.90461853,24.48440748,12.54665203
194,1038.848252,38.9429211,24.50851299,12.20539401
195,968.1804255,38.9742032,24.52820021,11.96878456
196,913.8989666,39.00940872,24.55035661,11.86543573
197,870.7209974,39.04699194,24.57400941,11.89475569
198,847.0381439,39.09027405,24.60124876,11.92819743
199,830.6177623,39.13486393,24.62931116,12.13350543
200,823.4454905,39.18147622,24.65864635,12.67132011
201,825.4802566,39.2306443,24.68959001,13.4153606
202,827.8010689,39.28004642,24.72068096,14.47226499
203,842.0491719,39.33321353,24.75414139,15.72500771
204,879.3727967,39.39604387,24.79368331,17.69306487
205,931.0082192,39.46693974,24.83830124,20.20984777
206,1004.355981,39.55089212,24.89113621,22.66098046
207,1091.294663,39.64766019,24.95203666,25.50806576
208,1227.875218,39.78001318,25.03533229,28.09016654
209,1402.53661,39.95082082,25.14282914,30.67952291
210,1572.641966,40.13647592,25.25967015,33.5926144
211,1770.225907,40.36128657,25.40115349,36.54245062
212,1323.70908,40.56300367,25.52810304,38.62512359
213,1318.737517,40.79181059,25.67210141,40.13038217
214,1443.954687,41.0663648,25.8448906,41.20161206
215,1570.751304,41.36497818,26.03282128,42.2528872
216,1660.273523,41.61052366,26.18735398,43.88763897
217,1724.975995,41.82608811,26.32301828,45.95731548
218,1279.082668,41.97909776,26.41931406,48.11508658
219,1224.534881,42.14764205,26.52538648,49.99717593
220,1271.911775,42.38194802,26.67284565,51.48000708
221,1331.893264,42.68118051,26.86116597,52.5493025
222,1394.42783,42.99985112,27.06171957,53.22083981
223,1448.972838,43.2934937,27.24652191,53.44484854
224,1491.946906,43.54571116,27.40525357,53.62974453
225,1522.936257,43.76254148,27.54171454,53.94841061
226,1542.398143,43.94463207,27.65631225,54.4001359
227,1225.6211,44.06105083,27.72957976,54.9773696
228,1174.398642,44.18058185,27.80480595,55.52476299
229,1181.376878,44.31933051,27.89212665,56.02290823
230,1191.268881,44.47310358,27.98890289,56.41982101
231,1203.909301,44.64250006,28.09551163,56.65145011
232,1215.896269,44.81026903,28.20109611,56.58777085
233,1226.804788,44.97396549,28.30411758,55.93205083
234,1235.496491,45.12800728,28.40106293,54.16003129
235,1240.568768,45.26552985,28.487612,52.10533743
236,1239.174302,45.37117009,28.55409611,50.16333593
237,1224.815168,45.42622094,28.58874205,49.24016675
238,1186.011005,45.42971751,28.5909426,48.61488266
239,1141.016764,45.44343512,28.5995757,47.53769715
240,1389.849367,45.46672202,28.61423119,45.47028995
241,1427.033884,45.51168769,28.64253008,42.76241067
242,1408.912467,45.5687812,28.67846157,40.36988789
243,1377.694453,45.59438139,28.69457291,37.92357321
244,1317.778731,45.59004972,28.6918468,35.50842151
245,1239.301428,45.58563414,28.68906787,33.20433907
246,1169.963502,45.59030981,28.69201048,30.42137961
247,1528.756091,45.60685199,28.70242121,26.82246265
248,1526.304296,45.60637258,28.7021195,23.1297047
249,1427.264948,45.60200838,28.69937291,21.17269017
250,1307.641411,45.59765867,28.69663544,20.37696649
251,1152.944519,45.59856943,28.69720863,19.75997762
252,1487.87338,45.6365481,28.72111029,18.81371281
253,1469.356595,45.676258,28.7461015,17.95248892
254,1414.134428,45.73345645,28.78209903,17.6258821
255,1371.316219,45.78899801,28.8170538,17.50349032
256,1305.646697,45.83177454,28.84397498,16.52908253
257,1245.878902,45.87283268,28.86981469,14.9588572
258,1223.212823,45.9276027,28.9042839,14.73913337
259,1214.718996,45.98903783,28.94294777,16.32915377
260,1147.096388,46.02591258,28.96615468,19.10810774
261,1038.124834,46.05966134,28.98739428,21.96397696
262,1022.876293,46.11458276,29.02195878,24.58165196
263,1133.221598,46.22037165,29.08853643,27.32129916
264,1326.077315,46.38616345,29.19287659,30.69242757
265,1524.270848,46.57701922,29.31299062,34.08749006
266,1705.934018,46.77720651,29.43897739,37.40860113
267,1896.061898,47.00349628,29.58139161,39.99497726
268,2130.013734,47.28993986,29.7616633,41.9522333
269,1604.553005,47.55640916,29.92936428,43.56638503
270,1607.982169,47.86650537,30.12452163,44.95614322
271,1719.155711,48.14886855,30.30222534,46.12080012
272,1803.286973,48.39630455,30.45794783,46.15100599
273,1355.147122,48.59435137,30.5825875,45.72559229
274,1302.878197,48.79342785,30.70787519,44.77296135
275,1336.631227,48.98876235,30.83080788,42.39193217
276,1337.506627,49.08945881,30.89418064,39.45521405
277,1325.177672,49.1505659,30.93263805,36.13359105
278,1297.569386,49.1840862,30.95373387,32.51659863
279,1228.564556,49.17949948,30.95084724,28.01506622
280,1143.455253,49.18614458,30.9550293,22.69221312
281,1455.547548,49.19338955,30.95958888,20.14407049
282,1397.702913,49.18862902,30.95659287,20.83256937
283,1204.207738,49.18543075,30.95458005,24.25714868
284,1452.407496,49.18996226,30.95743193,28.1281119
285,1397.971754,49.20400053,30.96626684,32.00128529
286,1445.752663,49.30313895,31.02865906,35.44540822
287,1683.413922,49.52887678,31.17072592,38.81057077
288,1952.053631,49.80977405,31.34750707,42.26370649
289,2220.846723,50.13208302,31.55035044,45.64264932
290,1671.220584,50.41370297,31.72758641,48.16718308
291,1668.244838,50.73034553,31.92686367,49.64304884
292,1816.675426,51.08108229,32.14759791,49.90172692
293,1961.916886,51.45264696,32.38144009,49.02146164
294,1500.550511,51.7455725,32.56579117,47.91639055
295,1438.709847,51.97739908,32.71168995,47.18252456
296,1446.206621,52.10723334,32.79340043,46.74654033
297,1420.69557,52.14345743,32.81619786,46.67101567
298,1388.669402,52.17658673,32.8370476,46.84281577
299,1367.401163,52.21998211,32.86435824,47.13383782
300,1354.765863,52.2797376,32.90196503,47.30280294
301,1352.577076,52.3673032,32.95707396,47.25455292
302,1357.55603,52.47470164,33.02466458,46.95804526
303,1365.990168,52.59222998,33.09863039,46.33606175
304,1370.886962,52.70156878,33.16744216,45.40075611
305,1369.488623,52.79385427,33.22552153,44.09524514
306,1360.895507,52.86549375,33.27060744,42.56074158
307,1342.869745,52.91238211,33.30011637,41.24889406
308,1315.763565,52.93214815,33.31255602,40.48354191
309,1277.928429,52.94127806,33.31830188,40.05561105
310,1233.456838,52.9357143,33.31480036,39.79625312
311,1195.438062,52.94759893,33.32227988,39.02620888
312,1173.257319,52.98141213,33.34356004,38.52250615
313,1160.855415,53.02870095,33.37332099,37.74012798
314,1153.338939,53.08828813,33.41082185,36.53778502
315,1583.650593,53.14868029,33.44882933,35.04354413
316,1655.862585,53.22182015,33.4948595,33.54980215
317,1622.232615,53.27551739,33.52865356,32.25624877
318,1570.550756,53.2929772,33.5396418,30.7386487
319,1506.321872,53.3012409,33.54484251,28.88838327
320,1442.114433,53.31833785,33.55560238,26.93889689
321,1386.511959,53.33350942,33.56515053,24.94854801
322,1321.278997,53.33127613,33.56374502,24.57051767
323,1241.746651,53.32544691,33.56007643,24.37928103
324,1157.949363,53.32851818,33.56200931,24.25763164
325,1586.705836,53.37914229,33.59386932,23.84461118
326,1705.161313,53.47425001,33.65372484,23.68855937
327,1691.889745,53.55440708,33.70417125,23.61425702
328,1683.447438,53.63835672,33.75700449,23.35162478
329,1654.784367,53.70768757,33.80063749,21.82682052
330,1643.954578,53.78548246,33.84959727,18.89714451
331,1638.798093,53.86719546,33.9010229,17.05948612
332,1620.571764,53.93967324,33.94663639,16.66456727
333,1514.752373,53.97450468,33.96855736,16.24445542
334,1311.436747,53.96859643,33.96483904,15.66481452
335,1183.905693,53.98601565,33.97580173,15.25041143
336,1156.498849,54.0297699,34.00333822,14.69959108
337,1127.343644,54.0724187,34.03017901,14.32019736
338,1087.117335,54.10802277,34.05258624,14.28068264
339,1058.358311,54.14733463,34.07732694,14.78257191
340,1020.13211,54.18124587,34.09866879,16.35087379
341,993.8026891,54.21815192,34.12189541,19.30660067
342,991.0604199,54.26413312,34.15083343,22.69374757
343,1025.890869,54.32611889,34.18984383,24.79998333
344,1134.728938,54.42523925,34.25222469,25.38868922
345,1339.852461,54.59054052,34.35625613,25.58274256
346,1574.91596,54.79964593,34.48785547,26.04974335
347,1721.085926,54.97702231,34.59948631,26.61196109
348,1761.941333,55.09314032,34.67256455,26.92282827
349,1775.408377,55.19355853,34.73576219,27.64588939
350,1807.817612,55.30574914,34.80636874,28.09582513
351,1846.834777,55.42661116,34.88243258,28.34763618
352,1868.408547,55.53729347,34.95208989,28.33749178
353,1313.365091,55.62880533,35.00968237,28.19045975
354,1207.679102,55.71082715,35.06130235,28.04478588
355,1218.503021,55.78958443,35.11086781,27.94737836
356,1218.066971,55.85557823,35.15240064,27.99533831
357,1211.746904,55.91393341,35.18912616,28.15365359
358,1205.485216,55.97190989,35.22561333,28.15700231
359,1201.298223,56.03197919,35.26341762,27.60300015
360,1203.359747,56.09917771,35.30570864,26.03865092
361,1210.164817,56.17240774,35.35179555,23.58572612
362,1210.30876,56.23840175,35.39332852,22.12527827
363,1186.49537,56.27930418,35.41907024,21.15525029
364,1119.252928,56.29733181,35.43041583,20.61966549
365,1497.645612,56.32968513,35.45077721,20.46241585
366,1535.464945,56.36697397,35.47424474,20.57168569
367,1468.14629,56.40609973,35.49886832,20.85886224
368,1430.977416,56.45638479,35.53051495,21.53219398
369,1420.0645,56.51826546,35.5694592,22.7094596
370,1427.647681,56.59049157,35.61491431,23.89395122
371,1447.577353,56.66955325,35.66467135,24.44613095
372,1494.305682,56.7655468,35.72508436,24.23254205
373,1576.006353,56.88576738,35.80074451,22.61352136
374,1658.2085,57.01394698,35.88141364,19.46466556
375,1696.52904,57.121617,35.94917518,15.96446805
376,1681.706254,57.1996986,35.9983154,13.04326719
377,1569.348367,57.22570178,36.01468036,11.05836552
378,1350.821954,57.21908628,36.01051693,9.535268487
379,1107.912893,57.21919111,36.0105829,8.426170085
380,902.451732,57.22899905,36.01675548,7.571700899
381,749.8501935,57.24864419,36.02911904,6.61196732
382,750,57.27749485,36.04727604,5.453617047
383,750,57.30629644,36.06540216,4.247574978
384,750,57.33508941,36.08352286,2.940186268
385,750,57.363873,36.10163766,1.536728897
386,750,57.39264896,36.11974765,0.400029826
387,750,57.42141835,36.1378535,0.000135569
388,7.00E+02,57.44750047,36.15426814,4.69022E-06
389,2.26E+02,57.44754824,36.1542982,1.43E-06
390,0.523262019,57.44104594,36.15020602,6.35E-07
391,8.92845E-06,57.43455206,36.14611913,3.34E-07
392,8.90491E-11,57.42806069,36.14203383,2.21E-07
393,0,57.42157063,36.13794934,4.53E-01
394,0,57.41508186,36.13386567,2.754406043
395,0,57.40859439,36.12978281,5.944874453
396,0,57.40210822,36.12570078,10.057263
397,581.4631674,57.44158038,36.15054237,14.55956512
398,757.6338732,57.50601512,36.19109401,18.78968951
399,793.5873403,57.57703532,36.23579018,22.73265175
400,1217.836863,57.7013712,36.31404029,25.22198069
401,1763.02192,57.89311846,36.43471537,25.93135399
402,1457.279808,58.07415231,36.54864803,25.52314288
403,1577.615858,58.29283586,36.68627531,24.28508733
404,1750.371982,58.48466114,36.8069995,22.55539563
405,1799.601548,58.60664714,36.88377072,20.94581172
406,1771.272239,58.68189008,36.93112445,19.44367519
407,1685.352827,58.71672941,36.95305039,17.83903711
408,1565.314519,58.74626901,36.97164097,16.085063
409,1453.611532,58.7513798,36.97485742,14.72883503
410,1349.36525,58.78124885,36.99365535,13.93368941
411,1238.005497,58.78793583,36.99786376,13.78912096
412,1116.282022,58.80713987,37.00994971,13.96336904
413,1022.161601,58.82316914,37.02003765,14.24766214
414,966.9795505,58.84471708,37.03359872,14.62563863
415,956.9466922,58.88297083,37.05767351,15.29598542
416,969.0392778,58.93085521,37.08780928,16.54748952
417,988.7688412,58.98316195,37.12072824,18.03977253
418,1014.999908,59.03965775,37.15628356,19.01721202
419,1061.521086,59.10559,37.19777766,19.02754243
420,1148.373809,59.19254676,37.25250342,18.30206507
421,1251.936269,59.29547014,37.31727768,17.1302405
422,1319.769273,59.38883621,37.3760371,16.34109292
423,1320.486189,59.46621564,37.42473542,16.17304093
424,1270.139023,59.52732892,37.46319673,16.64690477
425,1188.815953,59.5726873,37.49174278,17.97563615
426,1134.050159,59.6267423,37.52576199,20.76710784
427,1122.387573,59.69755954,37.57033043,25.03840698
428,1155.273095,59.78849295,37.62755887,29.64992799
429,1247.485289,59.913366,37.70614704,32.83612892
430,1441.209719,60.10631586,37.82757897,33.91033466
431,1737.63221,60.39157411,38.00710468,33.60662062
432,2057.665647,60.73913759,38.22584184,32.69022618
433,1556.250878,60.99647128,38.38779339,31.79082871
434,1457.611667,61.156604,38.48857203,31.26613062
435,1444.556735,61.24378273,38.54343748,30.91069018
436,1405.16617,61.29681158,38.5768109,30.0363842
437,1366.506208,61.34839653,38.6092756,28.05370553
438,1343.952433,61.4149955,38.6511893,24.54846156
439,1328.674078,61.48923142,38.69790927,20.28033638
440,1291.092656,61.53999231,38.72985535,15.23164531
441,1205.868621,61.55059876,38.73653046,10.04137768
442,1556.647863,61.5636284,38.7447306,5.569467009
443,1407.428426,61.56159139,38.74344861,2.395415284
444,1057.055967,61.56017516,38.74255732,0.627615072
445,759.3624867,61.58201003,38.75629897,0.037516594
446,745.9580854,61.63191814,38.78770837,0.000108827
447,5.52E+02,61.67248095,38.81323635,4.55865E-06
448,50.23322748,61.66999657,38.81167281,1.41E-06
449,0.002710356,61.66264922,38.8070488,6.27E-07
450,4.6184E-08,61.65530591,38.80242733,3.30E-07
451,0,61.64796421,38.79780687,1.92E-07
452,0,61.64062399,38.79318734,1.19E-07
453,0,61.63328526,38.78856876,7.72E-08
454,0,61.62594802,38.7839511,5.17E-08
455,0,61.61861227,38.77933439,3.55E-08
456,0,61.611278,38.77471861,2.49E-08
457,0,61.60394523,38.77010377,1.77E-08
458,0,61.59661394,38.76548986,1.27E-08
459,0,61.58928414,38.76087689,9.27E-09
460,0,61.58195583,38.75626486,6.80E-09
461,0,61.574629,38.75165376,5.03E-09
462,0,61.56730366,38.7470436,3.74E-09
463,0,61.5599798,38.74243437,2.79E-09
464,0,61.55265743,38.73782608,2.09E-09
465,0,61.54533654,38.73321872,1.58E-09
466,0,61.53801714,38.72861229,1.19E-09
467,0,61.53069923,38.7240068,9.02E-10
468,0,61.5233828,38.71940225,6.85E-10
469,0,61.51606785,38.71479862,5.21E-10
470,0,61.50875438,38.71019593,3.55E-10
471,0,61.5014424,38.70559418,-2.35E-20
472,0,61.4941319,38.70099336,-2.35E-20
473,0,61.48682288,38.69639347,-2.35E-20
474,0,61.47951535,38.69179451,-2.35E-20
475,0,61.4722093,38.68719649,-2.35E-20
476,0,61.46490472,38.68259939,-2.35E-20
477,0,61.45760163,38.67800323,-2.35E-20
478,0,61.45030002,38.67340801,-2.35E-20
479,0,61.44299989,38.66881371,-2.35E-20
480,0,61.43570125,38.66422034,-2.35E-20
481,0,61.42840408,38.65962791,-2.35E-20
482,0,61.42110839,38.65503641,-2.35E-20
483,0,61.41381417,38.65044584,-2.35E-20
484,0,61.40652144,38.64585619,-2.35E-20
485,0,61.39923019,38.64126748,-2.35E-20
486,0,61.39194041,38.6366797,-2.35E-20
487,0,61.38465211,38.63209285,-2.35E-20
488,0,61.37736529,38.62750693,-2.35E-20
489,0,61.37007995,38.62292194,-2.35E-20
490,0,61.36279608,38.61833788,-2.35E-20
491,0,61.35551369,38.61375475,-2.35E-20
492,0,61.34823277,38.60917254,-2.35E-20
493,0,61.34095333,38.60459127,-2.35E-20
494,0,61.33367537,38.60001092,-2.35E-20
495,0,61.32639888,38.5954315,-2.35E-20
496,0,61.31912387,38.59085301,-2.35E-20
497,0,61.31185033,38.58627545,-2.35E-20
498,0,61.30457826,38.58169881,-2.35E-20
499,0,61.29730767,38.57712311,-2.35E-20
500,0,61.29003855,38.57254833,-2.35E-20
501,0,61.2827709,38.56797447,-2.35E-20
502,0,61.27550473,38.56340155,-2.35E-20
503,0,61.26824003,38.55882955,-2.35E-20
504,0,61.2609768,38.55425847,-2.35E-20
505,0,61.25371504,38.54968833,-2.35E-20
506,0,61.24645475,38.54511911,-2.35E-20
507,0,61.23919594,38.54055081,-2.35E-20
508,0,61.23193859,38.53598344,-2.35E-20
509,0,61.22468272,38.531417,-2.35E-20
510,0,61.21742832,38.52685148,-2.35E-20
511,0,61.21017538,38.52228688,-2.27E-20
512,0,61.20292392,38.51772321,0.00E+00
513,0,61.19567392,38.51316047,0.320404868
514,0,61.18842539,38.50859865,2.799262668
515,0,61.18117833,38.50403775,5.693074589
516,0,61.17393274,38.49947778,9.830467397
517,564.7763219,61.22115017,38.52919381,15.06943006
518,756.1807543,61.32498843,38.59454384,18.5262629
519,769.5659166,61.4291984,38.66012781,20.28891858
520,1190.374119,61.5976763,38.76615846,20.5387705
521,1159.039068,61.8227419,38.90780225,20.06479952
522,1285.698055,62.03661166,39.04240001,19.21006063
523,1408.02402,62.1921612,39.14029425,18.1045813
524,1425.363411,62.29058819,39.20223874,16.40629193
525,1392.470454,62.36143354,39.24682487,13.48273563
526,1333.15271,62.41862204,39.28281613,9.592823592
527,1256.433912,62.46615351,39.3127298,5.706850863
528,1138.574883,62.49445857,39.33054344,2.913867724
529,930.0326977,62.50339743,39.33616906,1.424105773
530,745.9577032,62.53249309,39.35448025,0.439223626
531,745.9576932,62.5826833,39.38606719,0.000185854
532,6.43E+02,62.62850014,39.41490176,4.84899E-06
533,107.9417284,62.6316881,39.41690809,2.11E-06
534,0.024348973,62.6241383,39.41215666,5.33E-02
535,4.15454E-07,62.61659818,39.40741133,1.360798062
536,0,62.60906113,39.40266793,3.583555951
537,0,62.60152562,39.3979255,6.127380968
538,550.6510517,62.64395455,39.42462791,10.39731286
539,757.5964045,62.72539742,39.47588353,16.12084811
540,756.8449516,62.81097545,39.52974159,21.15166976
541,793.9540267,62.90652348,39.58987422,24.13753206
542,1259.013598,63.08167834,39.70010697,24.86160697
543,1952.078124,63.34888746,39.86827355,24.67652052
544,1644.438273,63.59919632,40.02580406,24.15976106
545,1675.112687,63.81537261,40.16185341,23.10809875
546,1725.362524,63.95044456,40.2468602,21.3182001
547,1712.517771,64.04562748,40.30676305,19.32351871
548,1676.65535,64.12711942,40.35804956,17.79732423
549,1603.671381,64.18771016,40.396182,16.63940514
550,1479.454791,64.21171171,40.41128724,15.73512385
551,1341.02655,64.22193906,40.41772377,14.91933772
552,1235.110679,64.25460402,40.43828128,14.3487517
553,1154.752631,64.29603606,40.46435631,13.88378199
554,1091.99671,64.34346039,40.49420255,13.37244365
555,1035.382235,64.39172109,40.52457516,13.05666379
556,995.7843226,64.44497743,40.55809174,12.95156866
557,963.516042,64.50024087,40.59287149,13.06430125
558,928.0298397,64.55299535,40.62607223,13.43136924
559,906.1151365,64.60829246,40.66087316,14.07471052
560,898.8216741,64.66799174,40.69844457,15.3654285
561,906.6451665,64.73332968,40.73956465,16.87019223
562,932.1191974,64.80654571,40.78564275,17.19280968
563,976.7662282,64.89052971,40.83849762,17.14748439
564,1066.340343,64.99953358,40.9070986,16.42850284
565,1170.768949,65.1252763,40.98623409,12.93586712
566,1193.158172,65.21119563,41.04030695,7.54272984
567,1190.012657,65.28485541,41.08666433,2.511476025
568,1140.116291,65.3396551,41.12115221,0.000266022
569,890.0161221,65.35302208,41.12956465,4.98109E-06
570,745.9570974,65.38881529,41.1520909,1.49E-06
571,6.18E+02,65.43169098,41.17907448,6.53E-07
572,88.25721536,65.43201235,41.17927674,3.42E-07
573,0.012600868,65.42373228,41.17406572,1.98E-07
574,2.14949E-07,65.41545718,41.16885783,1.22E-07
575,0,65.40718705,41.16365307,7.91E-08
576,0,65.39892188,41.15845143,5.29E-08
577,0,65.39066166,41.15325291,3.63E-08
578,0,65.3824064,41.1480575,2.54E-08
579,0,65.37415608,41.14286521,1.80E-08
580,0,65.36591071,41.13767603,1.30E-08
581,0,65.35767028,41.13248996,9.44E-09
582,0,65.34943479,41.127307,6.92E-09
583,0,65.34120422,41.12212714,5.11E-09
584,0,65.33297859,41.11695038,3.80E-09
585,0,65.32475787,41.11177672,2.84E-09
586,0,65.31654208,41.10660616,2.13E-09
587,0,65.3083312,41.10143869,1.60E-09
588,0,65.30012523,41.0962743,1.21E-09
589,0,65.29192417,41.09111301,9.17E-10
590,0,65.28372801,41.0859548,6.96E-10
591,0,65.27553674,41.08079967,5.29E-10
592,0,65.26735037,41.07564763,3.75E-10
593,0,65.25916889,41.07049866,-1.53E-20
594,0,65.2509923,41.06535276,-1.53E-20
595,0,65.24282058,41.06020994,-1.53E-20
596,0,65.23465374,41.05507018,-1.53E-20
597,0,65.22649178,41.0499335,-1.53E-20
598,0,65.21833468,41.04479987,-1.53E-20
599,0,65.21018245,41.03966931,-1.53E-20
600,0,65.20203507,41.0345418,-1.47E-20
601,0,65.19389256,41.02941735,1.30E-02
602,0,65.18575489,41.02429596,0.817954719
603,0,65.17762207,41.01917762,2.734175011
604,0,65.1694941,41.01406232,5.607924081
605,541.5310255,65.21023321,41.03970126,9.629338379
606,758.0100848,65.28387518,41.08604742,15.9197449
607,757.6823031,65.36504919,41.13713384,21.54722487
608,768.9112928,65.46579011,41.20053458,27.2828177
609,1166.019348,65.62559543,41.30110718,32.27389715
610,1927.726479,65.90968987,41.47990045,36.15529657
611,1671.55062,66.18345465,41.65219281,40.29796115
612,1893.391335,66.54056416,41.87693772,44.40762648
613,2239.765625,66.92878475,42.12126221,47.06129819
614,1717.498694,67.24261882,42.31877195,48.54412073
615,1732.179258,67.63497709,42.56570047,48.86514673
616,1908.830305,68.062823,42.83496294,48.66399454
617,1472.549226,68.37615738,43.0321582,48.45555166
618,1406.861709,68.62542413,43.18903286,48.14545005
619,1416.165394,68.76656821,43.27786111,47.56860947
620,1410.335783,68.86072414,43.33711762,46.6197297
621,1404.29488,68.95373221,43.39565174,45.49954439
622,1395.307797,69.03697892,43.4480426,44.60724839
623,1378.590326,69.09901148,43.48708245,44.18905258
624,1351.090752,69.13575112,43.51020434,44.17726461
625,1318.626557,69.1588679,43.52475276,44.54172228
626,1292.766843,69.19493011,43.54744831,45.20534379
627,1280.647071,69.26109676,43.58908993,45.79830358
628,1280.305443,69.35836262,43.65030366,46.06367189
629,1290.867824,69.48755907,43.73161274,46.07579376
630,1310.100302,69.6435793,43.82980321,46.08581611
631,1327.284925,69.79632917,43.9259355,46.3277215
632,1334.975589,69.92268814,44.00545882,47.05485492
633,1335.326894,70.02591834,44.07042618,48.17002836
634,1335.617353,70.12834379,44.13488707,49.5107271
635,1342.628035,70.2500193,44.21146288,50.94564673
636,1363.701157,70.41527152,44.31546346,52.19546021
637,1396.020103,70.61639364,44.44203856,53.01411939
638,1434.875019,70.84286981,44.58457009,53.31341174
639,1476.460559,71.08799961,44.73884118,53.21440137
640,1512.68152,71.31760472,44.88334189,53.00334082
641,1536.407159,71.5106814,45.00485364,52.77743196
642,1545.080978,71.6382961,45.08516724,52.83771237
643,1542.211549,71.72337134,45.13870888,53.55751386
644,1536.094784,71.79784329,45.18557739,54.36803365
645,1529.547698,71.86997019,45.23097006,54.99666915
646,1531.29469,71.96505733,45.29081263,55.50728842
647,1552.155325,72.12010011,45.38838795,55.97741372
648,1254.654502,72.27284386,45.48451638,56.42851382
649,1204.331927,72.41959101,45.5768709,56.8139082
650,1215.513606,72.55871166,45.66442571,56.97979328
651,1225.808537,72.69434993,45.74978891,56.72483153
652,1235.686849,72.82914073,45.83461876,55.4245009
653,1244.126319,72.95856474,45.91607105,53.33773186
654,1247.758916,73.06459165,45.9827985,51.21776035
655,1242.175694,73.12877886,46.02319436,48.69090611
656,1213.700703,73.13362664,46.02624529,45.16592935
657,1168.00407,73.12024609,46.01782431,41.11162453
658,1410.798703,73.1110246,46.01202082,37.39552701
659,1411.11571,73.09933195,46.00466212,34.97887407
660,1308.958028,73.08608882,45.99632762,32.29615079
661,1191.45984,73.07291585,45.98803729,28.17060871
662,1502.018416,73.06184277,45.9810685,22.73586304
663,1503.542075,73.04957486,45.97334776,17.47242381
664,1388.227119,73.0365749,45.96516631,13.81131211
665,1210.893621,73.02363557,45.95702301,12.19105447
666,1443.470768,73.01425417,45.95111888,11.72411349
667,1212.563021,73.00280904,45.94391595,12.69401178
668,958.4867284,72.99013342,45.93593862,15.65401124
669,846.0429986,72.98328713,45.93162995,20.58464983
670,812.803107,72.99795766,45.94086276,25.43812705
671,880.9475687,73.04763375,45.97212613,30.00886688
672,1086.367602,73.18035026,46.05565054,33.17408639
673,1428.547376,73.43032972,46.21297374,35.13952666
674,1765.372253,73.70507484,46.38588307,37.15214864
675,2082.57553,74.01109331,46.57847411,39.15549758
676,1579.057079,74.22881269,46.7154946,40.45545362
677,1510.447613,74.40446609,46.8260411,40.66452527
678,1596.95874,74.60310732,46.95105486,40.0335243
679,1683.071273,74.81074958,47.08173337,37.50767622
680,1738.94896,74.98097617,47.18886454,33.80077771
681,1747.935757,75.07753939,47.24963608,29.41120531
682,1720.812628,75.12606643,47.2801763,24.85032197
683,1612.240841,75.11296598,47.2719316,21.08689585
684,1452.902439,75.09905517,47.26317691,19.27000344
685,1264.219786,75.08521931,47.25446939,18.20336987
686,1068.173452,75.0714683,47.24581527,19.48716963
687,1338.559475,75.07362848,47.24717476,22.24772478
688,1337.312661,75.07280354,47.24665559,24.75671699
689,1263.289707,75.09988255,47.26369762,27.0685926
690,1352.383707,75.19173955,47.32150732,29.27767376
691,1543.96257,75.35077558,47.42159577,30.65436304
692,1718.083299,75.51826323,47.5270032,31.16934186
693,1878.524398,75.69102742,47.63573139,31.53065907
694,1394.098906,75.83644562,47.72724953,32.28583498
695,1317.656038,75.95888883,47.80430849,33.04227938
696,1339.792037,76.04271735,47.85706551,33.03121458
697,1355.323001,76.11763291,47.9042132,30.50456897
698,1387.783701,76.21585283,47.96602737,27.10158726
699,1420.298927,76.31787052,48.03023165,23.966864
700,1419.823315,76.38107303,48.07000779,21.99352386
701,1311.217246,76.38295068,48.07118948,21.17609625
702,1164.942493,76.36882913,48.06230216,20.83279414
703,1521.069338,76.36792322,48.06173203,20.78949771
704,1526.321363,76.38365389,48.07163204,20.80640526
705,1469.592972,76.41507528,48.09140692,20.34672843
706,1445.768262,76.45380968,48.1157842,18.85997143
707,1442.763546,76.50306788,48.14678458,16.39860103
708,1443.936908,76.55506068,48.17950596,13.83150826
709,1412.035946,76.59076809,48.20197823,12.2869469
710,1308.856984,76.59201433,48.20276254,12.20673872
711,1138.041145,76.57803845,48.19396689,14.56255136
712,959.8883146,76.56422214,48.18527168,18.88394414
713,852.6978062,76.5586905,48.18179037,21.7331796
714,847.1314652,76.58032952,48.19540877,21.82130875
715,1010.621735,76.67998834,48.2581285,20.05959233
716,1310.520658,76.88164367,48.38503917,16.28136895
717,1508.253817,77.04701054,48.4891119,13.00041593
718,1514.369863,77.10750246,48.52718215,11.84924692
719,1392.109082,77.1154173,48.53216332,12.17511671
720,1129.905394,77.10129251,48.52327396,14.06075702
721,902.2116099,77.08724393,48.51443256,17.10673461
722,822.3220088,77.08678006,48.51414063,19.64834059
723,844.9369393,77.11830583,48.5339812,21.74328801
724,975.7978739,77.19647009,48.58317344,23.4626456
725,1187.184676,77.33211382,48.66854008,25.43674747
726,1363.568757,77.46749217,48.7537397,28.3488836
727,1508.955328,77.59879427,48.83637395,32.39233633
728,1628.276462,77.72421691,48.915308,36.30584311
729,1765.276512,77.86988019,49.00698038,39.04410911
730,1967.374894,78.07619311,49.13682228,41.09121323
731,2247.985146,78.37334943,49.32383598,42.1131319
732,1732.232176,78.65162444,49.49896682,42.28849567
733,1678.283318,78.89175471,49.65009149,42.33498878
734,1766.276636,79.10844563,49.78646473,42.45261915
735,1320.094492,79.23051221,49.86328665,42.63486636
736,1225.566853,79.3004583,49.90730684,42.93148205
737,1226.914275,79.36509899,49.94798811,43.37955982
738,1230.323331,79.434819,49.99186601,43.89061726
739,1235.605055,79.50930064,50.03874062,44.16024021
740,1244.201302,79.59243526,50.09106093,44.5916206
741,1257.187085,79.68828231,50.15138175,45.72631461
742,1271.998089,79.79173279,50.21648774,46.81817865
743,1279.812057,79.87690738,50.2700919,47.44371378
744,1292.313933,79.97461911,50.33158624,47.54896122
745,1325.198606,80.1355284,50.43285361,47.55992505
746,1356.84202,80.29698071,50.53446273,47.5501815
747,1374.970712,80.42072563,50.61234092,47.71067311
748,1378.020898,80.50035078,50.66245257,48.19131308
749,1378.338642,80.57156408,50.70727027,48.93837637
750,1378.056263,80.64048732,50.75064673,49.63898919
751,1382.707485,80.72272355,50.80240165,49.9325947
752,1396.636957,80.83193804,50.87113518,49.88776681
753,1418.287668,80.96735709,50.95636042,49.6525828
754,1438.592194,81.10066987,51.04026008,49.08046636
755,1447.101203,81.19948602,51.10244948,48.19053656
756,1445.802042,81.26960954,51.14658134,47.02201662
757,1438.986152,81.32372789,51.18064042,45.01587377
758,1422.405592,81.35096516,51.19778205,41.44362149
759,1396.614453,81.34863317,51.19631442,36.54881893
760,1362.749467,81.33796806,51.18960239,31.35660848
761,1304.609253,81.31919354,51.17778675,26.12431356
762,1201.081476,81.299871,51.16562622,20.4851319
763,1457.550036,81.28071193,51.15356856,15.81907933
764,1347.84156,81.26173554,51.14162588,12.704694
765,1122.935076,81.24294212,51.12979834,11.80744477
766,1295.484704,81.22433605,51.11808871,13.63405019
767,1097.823108,81.20591379,51.10649477,17.16248304
768,872.4534106,81.19124775,51.09726477,20.69956562
769,812.4358259,81.20142082,51.10366714,24.11499002
770,946.1849865,81.27162495,51.14784972,27.94220147
771,1191.053543,81.41952412,51.24092925,32.79294718
772,1436.522379,81.59105182,51.34887926,37.15500501
773,1673.548299,81.78336415,51.46990997,41.73068042
774,1939.151694,82.02109007,51.61952147,45.89498527
775,2275.787008,82.35682384,51.83081367,49.1701629
776,1772.692563,82.66024787,52.02177191,52.54181583
777,1793.763679,83.03975544,52.26061291,55.15767949
778,1972.763367,83.43521787,52.50949502,57.20131604
779,2113.544553,83.78456138,52.72935243,59.02435505
780,2258.472661,84.16600997,52.969415,60.34933873
781,1732.002724,84.45539287,53.15153653,61.50317017
782,1657.756697,84.72336442,53.32018295,62.51398879
783,1710.590361,84.98270008,53.48339442,63.2114774
784,1387.915158,85.17194835,53.60249678,63.65323827
785,1346.813045,85.36108973,53.72153187,63.95636721
786,1368.948225,85.52930414,53.82739668,64.39280928
787,1384.222019,85.65597202,53.90711441,64.99877983
788,1393.895818,85.74783857,53.96493012,65.40092029
789,1400.533817,85.82121538,54.01110941,65.47892358
790,1410.091144,85.90493557,54.06379825,65.46886737
791,1423.360851,86.005757,54.12724967,65.58027536
792,1432.167031,86.08163236,54.17500141,65.85095271
793,1433.875168,86.11985172,54.19905454,65.9487414
794,1433.654955,86.14764365,54.21654525,64.84058607
795,1436.094597,86.18825196,54.24210186,61.75434601
796,1442.021963,86.24983838,54.28086094,57.18000375
797,1444.163366,86.29395508,54.30862554,51.88701613
798,1419.896681,86.25370688,54.28329556,46.79385648
799,1352.313362,86.16627008,54.22826768,43.31299477
800,1252.143179,86.07926921,54.17351417,41.5744882
801,1136.235905,85.99318147,54.11933532,41.0307886
802,1285.276318,85.9102975,54.06717275,40.75651156
803,1255.257958,85.83219652,54.01802033,42.4782379
804,1204.874136,85.76964879,53.97865626,45.80599132
805,1189.117127,85.73502538,53.95686621,49.47729237
806,1644.45164,85.74948198,53.96596439,51.87596922
807,1825.896907,85.8887644,54.05362101,52.92036338
808,1968.938026,86.15123756,54.21880705,52.99028326
809,2126.746296,86.47119628,54.42017131,52.16162769
810,1632.875577,86.66973289,54.54511923,50.65877746
811,1533.690007,86.7682252,54.60710483,48.62680932
812,1535.716362,86.78626556,54.61845843,45.54678604
813,1511.701017,86.73129626,54.5838638,41.63354555
814,1468.146774,86.64397451,54.52890834,37.34601548
815,1409.258115,86.5567518,54.47401521,33.02558268
816,1319.995672,86.47003481,54.41944035,28.42641131
817,1206.585682,86.38393977,54.36525691,23.37856312
818,1490.149462,86.29851953,54.31149815,19.32314676
819,1419.581231,86.21379514,54.25817732,16.91069428
820,1221.889114,86.1297724,54.20529807,16.977558
821,1481.915137,86.05345116,54.15726572,19.17236964
822,1341.000737,85.97411548,54.10733624,22.89225604
823,1173.579737,85.91408755,54.069558,26.31423917
824,1178.219991,85.89682131,54.05869158,29.11361278
825,1330.537005,85.94702455,54.09028672,31.75219426
826,1588.692184,86.07679832,54.17195913,34.10258938
827,1826.173271,86.22021252,54.26221606,36.22555144
828,1379.949254,86.31697819,54.323115,38.16124389
829,1364.845534,86.43941971,54.4001729,40.24574608
830,1465.8756,86.56519109,54.47932643,42.79150353
831,1557.129617,86.68861632,54.55700342,45.27898929
832,1640.333983,86.80819601,54.63226024,47.09322039
833,1729.93483,86.94442447,54.71799487,48.13108832
834,1839.362407,87.12588839,54.83219819,48.65614091
835,1946.285217,87.31958701,54.95410135,49.14243173
836,1480.0508,87.4415285,55.03084455,49.67308948
837,1394.891578,87.5203604,55.08045697,50.1211339
838,1410.108176,87.56083028,55.10592647,50.60313554
839,1424.201416,87.59785794,55.12922963,51.35334672
840,1439.580458,87.64090346,55.15632009,52.19228297
841,1452.565275,87.67738625,55.17928033,52.94178919
842,1466.53421,87.71795586,55.20481259,53.87961742
843,1488.27615,87.78518925,55.24712555,54.72145781
844,1512.58944,87.86320197,55.29622243,55.62082371
845,1534.31095,87.93613954,55.34212528,56.47741483
846,1561.490238,88.02760634,55.39968941,56.92320932
847,1262.907326,88.09923752,55.4447701,57.16557863
848,1217.999832,88.19026811,55.50205971,57.43561543
849,1236.757696,88.28437574,55.56128582,58.02979995
850,1246.519825,88.33558508,55.59351414,59.12846787
851,1251.827293,88.36376766,55.61125069,60.48841892
852,1257.740632,88.39474945,55.63074891,61.51728552
853,1270.752245,88.46189606,55.67300726,62.17593908
854,1294.811173,88.59112693,55.75433799,62.74918829
855,1324.591748,88.76971976,55.86673441,63.26339356
856,1347.122147,88.90030181,55.9489155,63.56424484
857,1361.545521,88.98696627,56.0034573,63.64203221
858,1374.098687,89.06320957,56.0514406,63.94503661
859,1385.358893,89.13451215,56.09631449,64.95734657
860,1391.947016,89.18402712,56.12747647,66.22110592
861,1393.650425,89.2070132,56.14194262,67.19315527
862,1400.285697,89.2541246,56.17159193,68.07343072
863,1422.453534,89.38913902,56.25656251,69.69135515
864,1450.127678,89.5689328,56.36971473,71.59672497
865,1471.413877,89.70914837,56.45795863,72.7281023
866,1490.690387,89.83838757,56.53929461,73.29274788
867,1526.120133,90.07606252,56.68887403,74.02582727
868,1567.844437,90.3686843,56.87303394,75.24391392
869,1592.619643,90.55245244,56.98868741,76.41539489
870,1604.984405,90.65892683,57.05569648,76.84473768
871,1621.037576,90.78612045,57.13574508,76.65818156
872,1647.711566,90.9817215,57.25884553,76.24820155
873,1673.364973,91.17869686,57.38281088,75.77409617
874,1682.766838,91.28035687,57.44679005,75.25186189
875,1678.681581,91.3024514,57.46069512,74.51849055
876,1669.703728,91.29641369,57.45689532,73.44588444
877,1659.321641,91.28168512,57.44762598,72.07599573
878,1647.885613,91.26052986,57.43431203,70.82389366
879,1631.826049,91.21466595,57.40544783,70.10116311
880,1608.337831,91.13304762,57.35408178,69.81733
881,1578.339638,91.0312554,57.29001941,69.52580719
882,1550.920768,90.94821213,57.23775659,68.59090485
883,1535.094219,90.90516059,57.21066234,67.86572158
884,1528.878765,90.89744759,57.2058082,67.80397314
885,1522.49492,90.89194759,57.20234681,67.88632417
886,1502.022175,90.80930027,57.15033318,68.08955317
887,1486.141916,90.7443991,57.10948798,68.39455088
888,1484.789732,90.75672584,57.11724574,68.61168398
889,1486.593077,90.78499249,57.1350352,68.64744451
890,1491.043441,90.82879701,57.16260334,68.40248319
891,1497.722363,90.88733405,57.1994433,67.86901697
892,1502.477202,90.93558278,57.22980838,66.90413915
893,1503.260296,90.96242591,57.24670195,65.5992933
894,1497.896067,90.95811219,57.24398714,64.25993431
895,1486.214079,90.92145509,57.22091719,63.09628629
896,1465.084924,90.84394744,57.17213818,62.22628148
897,1436.511057,90.75166164,57.11405862,61.82985141
898,1407.181412,90.65158026,57.05107296,61.6920935
899,1381.699533,90.55573253,56.99075171,61.69649826
900,1362.647932,90.49378726,56.9517668,61.59965151
901,1353.9668,90.46059775,56.93087916,61.26172913
902,1350.95014,90.45211954,56.92554345,60.45202198
903,1351.046596,90.45892006,56.92982332,57.1887311
904,1348.92582,90.45595304,56.92795604,51.8941518
905,1341.525904,90.42795695,56.91033685,46.79686954
906,1323.794718,90.35920561,56.86706858,43.31419834
907,1252.334292,90.26118564,56.80538025,41.57540338
908,1136.392164,90.16340948,56.74384536,41.03145732
909,1285.007316,90.06648513,56.68284655,40.7569801
910,1255.292838,89.97031086,56.62231981,42.4785508
911,1204.900659,89.8854959,56.56894198,45.8062101
912,1189.136507,89.82544729,56.53115072,49.47741192
913,1644.469071,89.81370975,56.52376376,51.96542335
914,1825.910356,89.92988681,56.59687915,53.34377042
915,1968.94743,90.17701995,56.75241104,55.36423034
916,2126.751434,90.48355036,56.94532426,57.64233979
917,2233.69684,90.71553384,57.09132179,58.78203873
918,2292.94411,90.85735549,57.18057646,59.39487495
919,2379.792146,91.06100659,57.30874316,59.22858719
920,1812.197277,91.25735758,57.43231558,59.24583658
921,1703.567769,91.36788393,57.50187472,59.76203285
922,1721.328433,91.44169921,57.54832996,60.97139718
923,1365.904752,91.41921064,57.5341769,62.69434832
924,1297.381344,91.41614632,57.53224839,64.3642134
925,1308.68515,91.47027132,57.56631167,65.06601913
926,1335.168137,91.61353942,57.65647665,63.91712441
927,1372.897787,91.84305516,57.80092113,62.61859029
928,1409.464943,92.07239513,57.94525497,61.85445964
929,1424.833275,92.18095583,58.01357705,61.18697798
930,1399.674468,92.10125476,57.96341762,60.70781438
931,1371.238817,92.01321226,57.90800856,60.31476047
932,1354.505677,91.94971722,57.8680483,59.97479888
933,1339.888983,91.88380744,57.82656835,59.58820342
934,1329.396129,91.83574795,57.79632237,59.08108179
935,1320.788929,91.7962578,57.77146946,58.17078656
936,1313.344358,91.76180061,57.74978402,57.05703586
937,1304.878586,91.7222917,57.7249193,56.25442977
938,1293.773499,91.67075782,57.69248674,55.69321342
939,1273.839608,91.58474538,57.63835529,55.18544722
940,1249.450394,91.49198434,57.57997663,54.67072453
941,1231.874709,91.42327295,57.5367335,54.16074777
942,1219.585042,91.35949103,57.4965927,53.87139114
943,1208.46584,91.30035193,57.45937383,53.77431278
944,1197.194304,91.24039358,57.42163938,53.7447476
945,1186.026695,91.18018647,57.38374836,53.79974951
946,1179.690285,91.14115543,57.35918439,53.95267222
947,1177.564437,91.12008142,57.34592158,54.32976474
948,1176.917011,91.10503032,57.33644925,55.11247561
949,1178.121457,91.09726795,57.33156405,55.90354464
950,1181.4702,91.09900066,57.33265452,56.29740928
951,1189.727874,91.12463446,57.34878701,56.02419514
952,1206.867888,91.19747597,57.39462941,54.2410616
953,1224.190932,91.27506249,57.44345807,50.80408925
954,1232.815886,91.31062433,57.46583871,45.8493441
955,1226.832969,91.28002535,57.44658141,40.43526988
956,1187.785429,91.18599861,57.3874062,34.93462173
957,1395.618252,91.08647351,57.32477063,29.60691893
958,1328.764135,90.98768695,57.26259985,25.93304975
959,1171.858343,90.88976221,57.20097145,24.25178915
960,1392.726031,90.79375507,57.14054989,26.49317047
961,1272.632397,90.69795993,57.08026174,31.07617849
962,1114.713737,90.60258026,57.02023507,36.92495012
963,1544.363566,90.55332505,56.98923658,42.11357206
964,1838.590866,90.64118267,57.04452929,46.66510384
965,2156.645539,90.86443846,57.18503409,49.93458645
966,2562.542527,91.22487603,57.41187349,51.63805858
967,2008.763495,91.54038058,57.61043454,52.36667816
968,2005.866367,91.87389023,57.820327,52.38916514
969,2146.402757,92.1494047,57.99372052,52.12679028
970,1625.610871,92.27669495,58.07382994,51.52536702
971,1517.643604,92.33008993,58.10743377,50.21350856
972,1518.295301,92.32539515,58.10447914,47.60718039
973,1510.691391,92.29553064,58.08568407,43.20942609
974,1493.261487,92.23803525,58.04949967,37.83552418
975,1455.242394,92.14906482,57.99350662,31.99671105
976,1379.708153,92.04791937,57.92985128,26.83835786
977,1252.256424,91.947425,57.86660571,21.54689923
978,1096.51487,91.84778181,57.80389581,17.25784393
979,1915.626883,91.77970201,57.76105017,14.2650211
980,1862.546413,91.69556253,57.70809745,11.71233317
981,1495.326207,91.59850855,57.64701706,9.580725468
982,1197.671462,91.50228502,57.58645931,7.879429892
983,989.9735301,91.4067048,57.52630642,6.240808604
984,792.9360767,91.31886252,57.47102337,4.235479763
985,750.0001561,91.2532981,57.42976077,2.0361245
986,750,91.18464716,57.38655567,0.46322516
987,750,91.1163522,57.34357462,0.000177271
988,750,91.04842887,57.30082744,4.82577E-06
989,5.46E+02,90.97252923,57.25306042,1.46E-06
990,65.01926612,90.88030544,57.19501989,6.43E-07
991,0.005202152,90.78793704,57.13688835,3.38E-07
992,8.87028E-08,90.69577359,57.07888578,1.96E-07
993,0,90.60379491,57.0209995,1.21E-07
994,0,90.51200046,56.96322918,7.84E-08
995,0,90.42038973,56.90557447,5.25E-08
996,0,90.32896218,56.84803504,3.60E-08
997,0,90.23771728,56.79061057,2.52E-08
998,0,90.14665451,56.73330072,1.79E-08
999,0,90.05577336,56.67610516,1.29E-08
1000,0,89.96508031,56.61902799,9.38E-09
1001,0,89.87461567,56.56209457,6.88E-09
1002,0,89.78439331,56.50531362,5.08E-09
1003,0,89.69441228,56.44868455,3.78E-09
1004,0,89.60467161,56.39220676,2.82E-09
1005,0,89.51517034,56.33587963,2.12E-09
1006,0,89.42590751,56.27970256,1.59E-09
1007,0,89.33688218,56.22367496,1.20E-09
1008,0,89.2480934,56.16779622,9.12E-10
1009,0,89.15954022,56.11206577,6.92E-10
1010,0,89.07122171,56.056483,5.27E-10
1011,0,88.98313693,56.00104733,3.66E-10
1012,0,88.89528496,55.94575818,6.65E-20
1013,0,88.80766488,55.89061496,6.65E-20
1014,0,88.72027578,55.83561711,6.65E-20
1015,0,88.63311673,55.78076404,6.65E-20
1016,0,88.54618683,55.72605519,6.65E-20
1017,0,88.45948518,55.67148999,6.65E-20
1018,0,88.37301089,55.61706786,6.65E-20
1019,0,88.28676305,55.56278826,6.65E-20
1020,0,88.20074078,55.50865062,6.65E-20
1021,0,88.1149432,55.45465439,6.65E-20
1022,0,88.02936943,55.400799,6.65E-20
1023,0,87.94401859,55.34708392,6.65E-20
1024,0,87.85888981,55.29350859,6.65E-20
1025,0,87.77398223,55.24007248,6.65E-20
1026,0,87.68929498,55.18677502,6.41E-20
1027,0,87.60482722,55.1336157,0.00E+00
1028,0,87.52057808,55.08059397,0.794158701
1029,0,87.43654672,55.0277093,4.874048909
1030,0,87.3527323,54.97496115,10.73539673
1031,0,87.26913397,54.922349,17.05228456
1032,583.0926971,87.23499994,54.90086694,22.0457094
1033,772.856535,87.24185289,54.9051798,26.25087684
1034,1299.952271,87.32342556,54.95651711,29.99725161
1035,2064.866031,87.50238175,55.06914221,33.20681577
1036,1722.395123,87.64296302,55.15761626,36.22972928
1037,1821.77601,87.80027653,55.25662065,38.7399418
1038,2081.769446,87.98365355,55.37202797,40.75238383
1039,1577.274468,88.11919121,55.45732785,42.66871549
1040,1557.309199,88.2878467,55.56347025,44.88144207
1041,1665.208902,88.44241826,55.66074901,47.28724089
1042,1751.712295,88.57384836,55.74346382,49.32121185
1043,1834.084451,88.7054058,55.82625877,51.12529705
1044,1929.196932,88.86968252,55.92964542,52.38883938
1045,2032.608487,89.06385658,56.0518478,52.93531151
1046,1551.033051,89.20664956,56.14171377,53.06409193
1047,1481.667021,89.36085544,56.2387624,53.14139421
1048,1518.28586,89.4748051,56.31047599,53.29524643
1049,1534.12322,89.52546785,56.34236031,53.32995626
1050,1537.855418,89.53868139,56.35067618,52.89968229
1051,1540.095722,89.54679265,56.35578095,51.65545709
1052,1544.554528,89.56236318,56.36558018,49.82933408
1053,1545.560456,89.56839191,56.36937433,47.67005343
1054,1533.090646,89.53519092,56.34847947,45.12116999
1055,1497.031639,89.45565994,56.29842708,41.97372363
1056,1444.108597,89.36050193,56.23853991,38.02668831
1057,1381.530283,89.26584838,56.17897023,32.66144629
1058,1307.660853,89.17173984,56.11974353,27.50006095
1059,1216.444415,89.0782265,56.06089143,22.72579306
1060,1102.055015,88.98539004,56.00246531,18.43796926
1061,1959.416845,88.93047789,55.96790665,14.69167252
1062,1908.467729,88.85615161,55.92112982,12.39015249
1063,1577.139874,88.76568847,55.86419734,11.66939628
1064,1279.570593,88.675994,55.80774862,12.01762295
1065,1019.582573,88.5870202,55.75175345,13.67233405
1066,859.8601373,88.5064292,55.70103394,17.3658549
1067,810.3431164,88.43603707,55.65673304,21.72262018
1068,834.0070817,88.3914389,55.62866543,24.29676028
1069,948.8418353,88.38449061,55.62429256,25.18189916
1070,1205.16728,88.46798993,55.6768424,25.98604659
1071,1507.521008,88.60875312,55.76543094,27.69058689
1072,1686.162914,88.69808902,55.82165399,29.99232027
1073,1747.590377,88.72051819,55.83576967,33.23530581
1074,1803.397142,88.74121505,55.84879513,37.26415965
1075,1921.689976,88.80722612,55.89033883,41.94067568
1076,1427.843445,88.88708042,55.9405947,46.94727133
1077,1428.596031,89.05998643,56.04941214,51.48659162
1078,1601.773454,89.31644009,56.21080984,55.13887269
1079,1802.790176,89.64320399,56.4164569,57.69892598
1080,2017.995137,90.03805745,56.66495575,60.04457273
1081,2213.114598,90.43711555,56.91610077,62.07389413
1082,2370.105307,90.79016004,57.13828737,63.08732699
1083,1814.439634,91.01528027,57.27996555,63.2101204
1084,1740.157385,91.25211272,57.42901475,62.20295132
1085,1798.969339,91.47829276,57.57135991,60.43356575
1086,1451.882703,91.57859094,57.63448202,59.09463896
1087,1384.192303,91.59868093,57.64712555,58.55176788
1088,1362.137042,91.5327007,57.60560125,58.48793037
1089,1323.390559,91.43150277,57.54191289,58.60670363
1090,1294.070378,91.34426836,57.4870124,58.72532767
1091,1282.18244,91.29366255,57.45516391,58.76823505
1092,1280.784509,91.28331811,57.44865369,58.86174003
1093,1283.385438,91.29191306,57.45406288,59.33435271
1094,1285.983099,91.30120484,57.45991061,60.49377162
1095,1286.922697,91.30293375,57.46099869,62.09098482
1096,1288.970294,91.30955395,57.46516507,63.39329144
1097,1299.319694,91.35775203,57.49549827,64.05563024
1098,1324.708963,91.4927671,57.58046926,64.08739441
1099,1359.68517,91.70431326,57.71360467,63.35305753
1100,1388.203432,91.87633124,57.82186324,61.59909645
1101,1402.707506,91.9624121,57.87603776,59.79082067
1102,1403.403086,91.97733239,57.88542776,58.70598438
1103,1387.322379,91.91837743,57.84832478,58.04678911
1104,1348.913665,91.81683262,57.78441811,58.81175713
1105,1309.315553,91.7149466,57.7202967,60.64850952
1106,1285.559515,91.62675231,57.66479211,62.40820362
1107,1607.063723,91.58370125,57.63769816,63.83425152
1108,1704.429041,91.66620817,57.68962344,64.49411663
1109,1757.660134,91.85786635,57.81024246,64.25806928
1110,1435.882014,92.03831105,57.92380434,63.02471733
1111,1397.859695,92.22211077,58.03947768,61.75959705
1112,1412.3096,92.30996515,58.09476836,60.83261841
1113,1407.140571,92.29646892,58.08627457,61.33373909
1114,1380.132296,92.20470232,58.02852177,63.28515347
1115,1352.428351,92.11096167,57.96952661,66.15799171
1116,1682.609759,92.05009742,57.93122203,68.28878363
1117,1777.518836,92.11498483,57.97205856,69.52558691
1118,1834.072959,92.33044091,58.10765466,69.74962248
1119,1917.330953,92.66882979,58.32061784,69.0655917
1120,1577.32261,92.92496952,58.48181797,67.75574952
1121,1522.490096,93.10191334,58.59317659,66.65979889
1122,1527.396087,93.15210101,58.62476192,65.98327711
1123,1512.416996,93.10254505,58.59357415,65.35108565
1124,1483.733718,92.99844493,58.52805931,64.11823841
1125,1459.734295,92.91064825,58.47280496,61.750676
1126,1444.919638,92.84926022,58.43417074,57.97979552
1127,1431.075739,92.79144542,58.39778531,53.01619131
1128,1404.078517,92.70376018,58.34260109,47.59241194
1129,1352.232995,92.59962282,58.27706281,42.37527602
1130,1269.657235,92.49609133,58.21190584,37.88967962
1131,1160.962888,92.39335027,58.14724632,34.04534391
1132,1307.168917,92.29150298,58.08314929,30.90869321
1133,1228.081843,92.19055839,58.01962037,27.8324067
1134,1098.084353,92.0904603,57.95662419,24.07263866
1135,1358.13266,91.99331834,57.89548843,20.58101045
1136,1328.58824,91.89548199,57.83391566,17.35267385
1137,1196.356248,91.79736476,57.77216612,15.03163222
1138,1526.995236,91.70950345,57.71687109,14.06085249
1139,1428.294807,91.61691179,57.65859904,13.91712172
1140,1204.252533,91.5206917,57.59804345,14.18006262
1141,1043.175324,91.43308748,57.54291022,14.64536387
1142,975.8044994,91.35501658,57.49377673,15.5373991
1143,965.8297751,91.29458388,57.45574374,17.50551567
1144,984.0775243,91.24695313,57.42576759,20.73336206
1145,1016.368814,91.20672675,57.40045134,23.61161419
1146,1078.274874,91.18053674,57.3839688,24.84000326
1147,1214.859552,91.19445108,57.39272572,23.99291951
1148,1438.867807,91.27323628,57.44230875,20.13862237
1149,1638.614685,91.36069959,57.4973533,15.59112442
1150,1723.863256,91.38853964,57.51487429,12.80382651
1151,1665.076767,91.34081785,57.48484084,11.83148038
1152,1397.593662,91.2449048,57.42447849,11.81010576
1153,1082.003341,91.1495999,57.36449887,12.57053939
1154,888.5685652,91.06132062,57.30894079,15.39049896
1155,821.0890341,90.98592211,57.26148916,20.11796073
1156,819.6056637,90.92750218,57.22472289,25.25260909
1157,872.3787487,90.88750677,57.199552,29.51312603
1158,1068.0802,90.91986335,57.21991544,33.44562502
1159,1396.159772,91.05956476,57.30783575,37.11054194
1160,1752.497553,91.25735333,57.4323129,40.82492756
1161,2048.171773,91.44953359,57.55326049,43.96229292
1162,2321.081983,91.66288997,57.68753515,46.86613309
1163,1770.280261,91.8415872,57.79999727,49.09430159
1164,1754.830535,92.07005366,57.94378138,51.26805436
1165,1889.687959,92.2876764,58.08074105,53.5432737
1166,2014.507467,92.50877013,58.21988517,55.59051574
1167,1543.858774,92.66891476,58.32067131,57.57671597
1168,1485.804285,92.85890708,58.44024193,59.29783413
1169,1551.742629,93.07549386,58.57654963,60.91709481
1170,1611.073943,93.2710497,58.69962162,62.43750435
1171,1668.636197,93.46605847,58.82234932,63.67408995
1172,1718.516084,93.6367472,58.92977133,64.879904
1173,1765.444029,93.80448112,59.03533375,66.32769406
1174,1809.507161,93.9689678,59.13885254,67.73660453
1175,1465.474913,94.08709992,59.21319834,69.0462161
1176,1420.757676,94.23117516,59.3038713,70.29441508
1177,1452.461774,94.4259269,59.42643723,71.25101829
1178,1483.314476,94.61987618,59.54849814,72.21810521
1179,1511.992704,94.80147943,59.66278915,73.16960791
1180,1539.326103,94.97844475,59.7741613,73.99754652
1181,1560.274058,95.11028133,59.85713193,74.68497968
1182,1581.451589,95.24343652,59.94093241,75.35715871
1183,1602.287853,95.37517214,60.0238395,76.03646251
1184,1620.418276,95.49263723,60.0977655,76.75337554
1185,1635.471873,95.5939562,60.16153004,77.54187129
1186,1650.191431,95.69284331,60.2237641,78.27977574
1187,1665.06701,95.79230252,60.28635821,78.85239389
1188,1680.766165,95.895846,60.35152272,79.40300595
1189,1698.032858,96.00791413,60.42205219,80.04970439
1190,1714.191689,96.11429317,60.48900125,80.68365178
1191,1726.731036,96.19961447,60.54269774,81.34360036
1192,1738.788488,96.28064105,60.59369137,82.01067319
1193,1752.950065,96.37460209,60.65282523,82.70606076
1194,1766.832416,96.4664762,60.7106457,83.22036288
1195,1781.284149,96.56229514,60.77094882,83.67489817
1196,1795.89189,96.65817999,60.83129343,84.06544451
1197,1811.119675,96.75914321,60.89483407,84.48273976
1198,1822.382002,96.83490767,60.94251602,84.97046912
1199,1832.335538,96.90209098,60.98479747,85.43817662
1200,1840.887828,96.95926562,61.02078001,85.93582522
1201,1850.025872,97.01988977,61.05893348,86.56041524
1202,1860.706301,97.09075952,61.10353497,87.11139534
1203,1870.948287,97.15911007,61.14655101,87.70832972
1204,1881.84593,97.23090747,61.19173631,88.21745243
1205,1895.523371,97.32284252,61.24959513,88.55809125
1206,1907.588882,97.4031839,61.30015754,88.90633196
1207,1920.660713,97.49133926,61.35563762,89.20064147
1208,1931.80962,97.56735199,61.40347582,89.55314053
1209,1939.269021,97.61692298,61.43467305,90.00961751
1210,1946.89489,97.66752659,61.46652015,90.41936478
1211,1953.339759,97.71078601,61.49374523,90.81915642
1212,1961.058879,97.76142724,61.52561601,91.18654394
1213,1971.054935,97.82798881,61.56750617,91.48764414
1214,1980.027691,97.88639824,61.60426582,91.78037987
1215,1988.782437,97.94293674,61.63984801,92.07483705
1216,1996.827588,97.99552068,61.67294143,92.46687206
1217,2003.421162,98.03951326,61.70062791,92.96367133
1218,2009.831568,98.0822689,61.72753594,93.25553758
1219,2016.279671,98.12512274,61.75450577,93.45105262
1220,2024.864559,98.18215065,61.79039597,93.63836107
1221,2035.743604,98.25759114,61.83787403,93.82895957
1222,2042.13497,98.30063939,61.8649662,93.99044901
1223,2046.416411,98.33000267,61.88344582,94.0875717
1224,2050.518142,98.35803715,61.90108917,94.20967089
1225,2054.69192,98.38644913,61.91897009,94.36872422
1226,2058.228259,98.41097572,61.93440577,94.50412388
1227,2060.355078,98.42562899,61.94362772,94.66546575
1228,2063.028839,98.44356519,61.95491577,94.76990549
1229,2066.511832,98.46758207,61.97003066,94.89756168
1230,2069.47685,98.4877391,61.98271638,95.06044479
1231,2073.009958,98.51200805,61.99798991,95.19847001
1232,2075.297008,98.52784824,62.00795884,95.36162315
1233,2078.092458,98.54656892,62.0197406,95.49932701
1234,2081.659316,98.57093811,62.03507722,95.66220708
1235,2084.68183,98.59139493,62.0479516,95.7676794
1236,2088.254601,98.6157214,62.06326133,95.89606458
1237,2091.270077,98.63608454,62.07607676,96.0594396
1238,2094.836869,98.66028607,62.09130786,96.19779355
1239,2097.146531,98.67630538,62.10138953,96.36115667
1240,2099.957944,98.69502035,62.11316769,96.49900954
1241,2103.535574,98.71915794,62.12835855,96.69404702
1242,2106.565286,98.73949545,62.14115785,96.89803584
1243,2110.142656,98.76354561,62.15629368,97.10129165
1244,2113.161396,98.78375525,62.16901251,97.2714824
1245,2117.432379,98.81160302,62.18653836,97.37454808
1246,2121.899381,98.84070178,62.2048515,97.43665575
1247,2126.350332,98.86965747,62.2230746,97.43362905
1248,2130.077215,98.89450409,62.23871169,97.42360045
1249,2132.334175,98.91022249,62.24860397,97.38410421
1250,2133.694226,98.91966593,62.25454715,97.31258606
1251,2133.627946,98.91825183,62.25365719,97.30068687
1252,2133.408337,98.9155787,62.25197487,97.29988937
1253,2132.543438,98.908883,62.24776097,97.26780987
1254,2130.977314,98.8969082,62.2402247,97.16937263
1255,2130.716743,98.89395951,62.23836895,97.06252869
1256,2130.699279,98.89290205,62.23770345,96.95727087
1257,2129.996793,98.88751386,62.23431242,96.82156813
1258,2127.841188,98.87201895,62.22456078,96.58855678
1259,2125.50149,98.85518527,62.2139666,96.28151458
1260,2123.196526,98.83863697,62.20355202,95.93615559
1261,2120.224871,98.81749965,62.19024937,95.59207407
1262,2115.122325,98.78117084,62.16738603,95.37540971
1263,2108.398632,98.73399367,62.13769533,95.2113475
1264,2100.835868,98.68202741,62.10499066,95.08154897
1265,2093.301078,98.62985265,62.07215476,94.92469735
1266,2088.556503,98.59600722,62.05085432,94.79134576
1267,2084.963824,98.57029201,62.0346706,94.59941605
1268,2082.121461,98.55070096,62.02234108,94.42955656
1269,2078.686682,98.52647539,62.00709485,94.35818725
1270,2075.766513,98.506464,61.99450079,94.3301944
1271,2071.563584,98.47736976,61.97619049,94.27506193
1272,2067.843955,98.45135236,61.95981659,94.21089253
1273,2066.281091,98.44025277,61.95283112,94.02133879
1274,2065.668096,98.43631452,61.9503526,93.71704183
1275,2064.46079,98.4280267,61.9451367,93.18288789
1276,2063.055591,98.41899559,61.93945303,92.49599466
1277,2058.904692,98.39091058,61.92177788,91.70570313
1278,2052.241115,98.34746987,61.89443871,90.97055464
1279,2040.544067,98.2717142,61.84676229,90.28564957
1280,2025.502294,98.17700986,61.78716064,89.64151939
1281,2008.196276,98.07019673,61.71993838,88.97484301
1282,1992.097796,97.97090768,61.65745137,88.3664921
1283,1977.09956,97.87822085,61.59911942,87.73690088
1284,1962.994223,97.79158346,61.54459466,87.04084097
1285,1948.395163,97.70299265,61.48884052,86.33513383
1286,1935.073331,97.62206951,61.43791199,85.63056265
1287,1921.286372,97.53987913,61.38618593,84.95888266
1288,1906.043864,97.45067272,61.33004436,84.35470147
1289,1890.590098,97.3610536,61.27364306,83.76029147
1290,1875.161208,97.27234626,61.21781559,83.16477042
1291,1860.452578,97.18800293,61.16473457,82.56782114
1292,1847.222055,97.11247224,61.11719975,81.969874
1293,1834.205504,97.03880373,61.07083688,81.37119659
1294,1821.164623,96.96554659,61.0247329,80.77198594
1295,1808.092466,96.8926404,60.97884979,80.17245143
1296,1794.998458,96.82012554,60.93321297,79.60379709
1297,1781.888458,96.74802412,60.88783633,79.16528633
1298,1768.766782,96.67634869,60.84272779,78.86893182
1299,1755.638013,96.60511478,60.79789713,78.58850275
1300,1743.185467,96.53770792,60.75547499,78.30316565
1301,1733.582839,96.48542143,60.72256877,78.01326383
1302,1727.093188,96.45039762,60.70052674,77.72015426
1303,1720.952277,96.41774221,60.67997523,77.42484992
1304,1714.703888,96.38456436,60.65909494,77.1280619
1305,1708.355539,96.35088872,60.63790135,76.8302525
1306,1701.936947,96.31688921,60.61650395,76.40760792
1307,1695.470292,96.2827135,60.59499566,75.93588415
1308,1688.971148,96.24849697,60.57346167,75.89155278
1309,1682.449637,96.21430985,60.55194619,75.88937601
1310,1673.194452,96.16698221,60.52216081,75.84752911
1311,1662.864518,96.11174858,60.48739983,75.82420242
1312,1661.893737,96.10737746,60.48464889,75.73956783
1313,1661.84607,96.10882426,60.48555942,75.61062925
1314,1660.929695,96.10559168,60.48352502,75.38222437
1315,1660.418881,96.10455098,60.48287005,75.10866799
1316,1658.56553,96.09693049,60.47807414,74.86259719
1317,1655.741998,96.08440523,60.47019144,74.46945763
1318,1650.740326,96.06006247,60.45487146,73.9302586
1319,1644.749914,96.02953946,60.43566197,73.49660173
1320,1639.361389,96.00292114,60.41890987,73.2756626
1321,1630.752313,95.95992137,60.39184821,73.55219835
1322,1618.944787,95.8994895,60.35381574,74.21404754
1323,1609.448452,95.85151784,60.32362504,75.25852436
1324,1604.610267,95.82684926,60.30810001,76.65304108
1325,1610.665922,95.8617258,60.33004937,78.29303331
1326,1625.159274,95.94594513,60.38305233,79.75467426
1327,1648.03151,96.07972242,60.46724434,80.72045995
1328,1678.569014,96.26369567,60.58302689,81.13486296
1329,1714.482007,96.48574012,60.72276934,81.22996002
1330,1746.489416,96.68363944,60.84731619,81.1767537
1331,1767.638452,96.81354811,60.9290735,81.12212255
1332,1776.713161,96.86806076,60.96338073,81.08345143
1333,1778.795622,96.87843285,60.96990835,81.0250242
1334,1777.630496,96.869428,60.9642412,80.84467374
1335,1776.434168,96.86008583,60.95836175,80.52848943
1336,1775.587337,96.8527205,60.95372642,80.20059404
1337,1774.307882,96.84338432,60.94785075,79.94373967
1338,1770.358519,96.81954184,60.93284562,79.82637034
1339,1763.434629,96.77809654,60.90676224,79.76274525
1340,1756.254288,96.73516363,60.87974265,79.76558294
1341,1750.629621,96.70096901,60.85822246,79.80771889
1342,1748.059436,96.68484575,60.84807538,79.91391149
1343,1746.666156,96.67509416,60.84193827,80.12215059
1344,1746.728297,96.67343306,60.84089286,80.52685132
1345,1747.651001,96.67653883,60.84284746,80.95416364
1346,1749.976435,96.68795276,60.85003075,81.34261949
1347,1754.536512,96.71210794,60.86523268,81.59425563
1348,1763.398758,96.76335301,60.89748349,81.66784014
1349,1772.756158,96.81834331,60.93209133,81.59247214
1350,1781.262669,96.86806406,60.96338281,81.2197274
1351,1786.773066,96.89934576,60.98306977,80.36694833
1352,1788.384439,96.90692675,60.98784083,79.04815317
1353,1786.73401,96.89621959,60.98110233,77.57903907
1354,1778.571545,96.84993168,60.9519713,76.08262705
1355,1759.897159,96.74645816,60.8868508,74.54947206
1356,1731.017826,96.59735587,60.7930141,72.9226305
1357,1698.846768,96.44727138,60.69855925,71.10038985
1358,1666.077933,96.30126709,60.60667226,69.13290287
1359,1632.504491,96.15922107,60.51727638,67.06874866
1360,1596.879474,96.02101367,60.43029631,64.8555448
1361,1556.975556,95.88654877,60.34567157,62.59788887
1362,1513.890995,95.75573589,60.2633452,60.80435849
1363,1468.689588,95.628476,60.18325489,59.74232627
1364,1420.224251,95.50467261,60.10533991,59.64214442
1365,1370.785491,95.38423493,60.02954311,60.47433893
1366,1331.510278,95.26703236,59.95578232,61.8192076
1367,1308.25361,95.17650624,59.89881021,62.65615944
1368,1306.059801,95.15944648,59.88807374,62.62333605
1369,1324.283421,95.23884679,59.93804389,61.28715154
1370,1353.733718,95.39315505,60.03515694,59.40660002
1371,1372.061516,95.47708317,60.08797664,58.11193696
1372,1371.342741,95.46358231,60.07947995,57.64565047
1373,1342.082611,95.3634696,60.01647457,57.62075249
1374,1300.901785,95.246958,59.94314864,57.5382124
1375,1272.550904,95.14904885,59.88153005,56.93802494
1376,1262.340036,95.09846756,59.84969699,55.37404672
1377,1261.794814,95.07892376,59.83739721,52.58225339
1378,1259.987328,95.05563044,59.82273769,48.41031453
1379,1246.844261,94.98657866,59.77928033,42.9897554
1380,1212.595843,94.87990305,59.71214462,37.5620556
1381,1151.460398,94.77208749,59.64429149,32.00736832
1382,1331.877149,94.66497414,59.5768803,28.19311338
1383,1245.890127,94.55875002,59.51002873,27.6433367
1384,1088.589451,94.45348827,59.44378283,30.31107472
1385,1280.64971,94.34918673,59.37814123,33.89940578
1386,1211.860968,94.24577745,59.31306117,36.20917052
1387,1188.229208,94.19913735,59.28370848,37.28066089
1388,1302.900033,94.30937675,59.35308703,38.53058084
1389,1457.141897,94.50794842,59.47805702,40.87477527
1390,1556.425495,94.62620835,59.55248326,44.39251933
1391,1602.482748,94.6631161,59.57571095,48.3450872
1392,1656.20967,94.71378212,59.60759733,51.30457176
1393,1756.973204,94.84618273,59.69092293,53.52729741
1394,1908.180936,95.08266731,59.83975319,54.81842974
1395,2078.07926,95.38096855,60.02748743,55.20816536
1396,1613.740191,95.58934207,60.15862616,55.07905877
1397,1551.279619,95.76870116,60.27150482,54.66396419
1398,1588.698046,95.86075294,60.3294371,53.88067927
1399,1599.99301,95.86760194,60.33374748,52.79299317
1400,1596.25136,95.82766212,60.30861157,51.48484971
1401,1584.221465,95.76350497,60.26823463,49.93681483
1402,1561.521012,95.66877845,60.20861901,48.24887052
1403,1529.998679,95.55036791,60.13409799,46.26403198
1404,1492.087251,95.44023964,60.06478937,43.42029296
1405,1447.223507,95.32330964,59.99120012,39.01106736
1406,1398.305035,95.20935736,59.91948488,33.56315043
1407,1340.782243,95.09836753,59.84963404,29.12365859
1408,1258.367577,94.99024721,59.78158911,26.93882146
1409,1130.583396,94.88386618,59.7146388,26.74542925
1410,1337.701416,94.77842663,59.648281,27.13042963
1411,1251.859794,94.67390516,59.58250098,27.32660726
1412,1157.94612,94.58514455,59.52663998,27.21672285
1413,1149.633293,94.52848472,59.49098143,26.90475299
1414,1166.182262,94.49789196,59.47172805,25.97011549
1415,1174.614818,94.45958779,59.44762153,26.79239344
1416,1169.891514,94.40606613,59.41393796,29.09281659
1417,1156.481711,94.3416485,59.37339709,32.15012789
1418,1665.780349,94.29520521,59.34416826,35.97696969
1419,1859.356542,94.31348751,59.35567412,39.44067946
1420,2019.002856,94.39973636,59.40995436,41.38982991
1421,1525.401126,94.5038919,59.47550408,41.55054146
1422,1546.444507,94.71357857,59.60746923,39.7857602
1423,1695.329613,94.92444459,59.74017659,36.87590685
1424,1779.112462,95.03840774,59.81189868,34.79607498
1425,1786.020534,95.03661336,59.81076939,34.35147545
1426,1710.162664,94.95163331,59.75728767,35.21526295
1427,1585.084683,94.84577723,59.69066773,37.59941559
1428,1495.684586,94.75552886,59.63387041,40.57123238
1429,1476.573791,94.70222782,59.60032569,42.30210283
1430,1513.703084,94.71736304,59.60985096,42.46577742
1431,1616.184193,94.83709681,59.68520475,41.22195653
1432,1743.925628,95.01507945,59.79721714,38.44621005
1433,1818.325866,95.11758808,59.86173039,33.93820945
1434,1825.361302,95.11523397,59.86024884,28.55492754
1435,1771.896544,95.03580184,59.81025867,22.79367778
1436,1652.583052,94.92935254,59.74326539,19.37725456
1437,1458.809845,94.82381053,59.6768431,18.96427933
1438,1227.413293,94.71917988,59.61099438,20.04038936
1439,1443.185215,94.62011295,59.54864715,21.37196578
1440,1344.755746,94.53147221,59.49286159,21.99871202
1441,1316.095814,94.47426113,59.45685611,21.76584555
1442,1390.776422,94.46290261,59.44970769,20.52575517
1443,1483.186058,94.46845963,59.45320497,18.85968412
1444,1526.681415,94.45200385,59.44284862,18.08060572
1445,1510.520791,94.40371375,59.41245751,18.02986549
1446,1424.460164,94.32049173,59.36008219,18.32134262
1447,1308.837045,94.23409056,59.30570609,18.22113985
1448,1254.770038,94.16775628,59.26395898,16.498349
1449,1251.248734,94.11305227,59.22953131,12.40185174
1450,1271.47686,94.07154967,59.20341187,7.167590304
1451,1264.52292,94.01825211,59.16986934,2.825154092
1452,1144.963522,93.93273671,59.1160507,0.543636898
1453,855.9134968,93.835498,59.05485405,0.000193558
1454,750.0011432,93.76350501,59.00954566,4.86442E-06
1455,7.00E+02,93.687804,58.96190365,1.46E-06
1456,2.26E+02,93.59420019,58.90299461,6.46E-07
1457,0.523262019,93.49630828,58.84138687,3.39E-07
1458,8.92845E-06,93.3986428,58.77992164,1.96E-07
1459,8.90492E-11,93.30117816,58.71858281,1.21E-07
1460,0,93.20391376,58.65736999,7.86E-08
1461,0,93.10684901,58.59628283,5.26E-08
1462,0,93.00998332,58.53532094,3.61E-08
1463,0,92.91331611,58.47448396,2.53E-08
1464,0,92.81684678,58.41377151,1.79E-08
1465,0,92.72057475,58.35318324,1.29E-08
1466,0,92.62449945,58.29271878,9.39E-09
1467,0,92.52862029,58.23237776,6.89E-09
1468,0,92.43293671,58.17215983,5.09E-09
1469,0,92.33744812,58.11206461,3.78E-09
1470,0,92.24215396,58.05209176,2.83E-09
1471,0,92.14705366,57.9922409,2.12E-09
1472,0,92.05214664,57.9325117,1.60E-09
1473,0,91.95743236,57.87290378,1.21E-09
1474,0,91.86291023,57.8134168,9.13E-10
1475,0,91.76857971,57.75405041,6.93E-10
1476,0,91.67444023,57.69480425,5.27E-10
1477,0,91.58049124,57.63567797,3.73E-10
1478,0,91.48673219,57.57667122,2.16E-19
1479,0,91.39316252,57.51778367,5.28E-01
1480,0,91.29978168,57.45901495,2.882928007
1481,0,91.20658913,57.40036473,5.132813586
1482,0,91.11358433,57.34183267,6.941984938
1483,584.8456138,91.06518427,57.31137236,8.556211668
1484,758.6403795,91.03552964,57.29270938,9.878727257
1485,754.6979605,90.99584955,57.26773693,11.41967182
1486,840.7309595,90.95509619,57.24208904,12.58164581
1487,1036.074127,90.92600203,57.22377878,14.09162084
1488,1196.217919,90.90228313,57.20885142,16.08163456
1489,878.8585027,90.86580951,57.18589696,18.62370695
1490,873.1495194,90.83001939,57.16337264,21.74368975
1491,977.9397823,90.8131717,57.15276964,25.19904536
1492,1116.044093,90.8207368,57.15753069,28.86503124
1493,1292.460543,90.86194299,57.18346358,32.55387132
1494,1508.983208,90.94422281,57.23524593,35.84336345
1495,1748.7803,91.06531848,57.31145683,39.06925688
1496,2003.194855,91.22340641,57.41094859,42.07964533
1497,2259.19546,91.41646148,57.53244674,44.67000929
1498,1705.37624,91.56199861,57.62403973,46.66728124
1499,1679.364277,91.74577022,57.73969538,48.45085757
1500,1808.763688,91.94189694,57.86312665,50.01616356
1501,1920.108644,92.12470003,57.97817277,51.11561754
1502,1462.502331,92.24241045,58.05225317,51.89954675
1503,1404.158841,92.37408745,58.13512337,52.58773799
1504,1449.52312,92.49771921,58.21293034,53.18913051
1505,1481.386499,92.58419276,58.26735199,53.81964701
1506,1504.105625,92.64378374,58.30485524,54.36538593
1507,1524.050159,92.69661129,58.33810197,54.8455803
1508,1541.479172,92.74150265,58.3663541,55.36104351
1509,1559.75223,92.79147483,58.39780382,55.98334046
1510,1575.568341,92.83409576,58.42462707,56.75187859
1511,1589.484899,92.87103035,58.44787165,57.80051863
1512,1604.423586,92.9126975,58.47409464,59.26400963
1513,1622.458432,92.96702593,58.50828594,61.14843275
1514,1644.731508,93.03733553,58.5525349,63.40190658
1515,1675.122243,93.1377,58.61569872,65.85183256
1516,1717.535813,93.28346165,58.70743302,68.19371722
1517,1772.148456,93.47898967,58.8304875,69.88155176
1518,1837.456592,93.72554742,58.98565726,71.29377865
1519,1908.458126,94.00816772,59.16352279,72.42535735
1520,1976.328505,94.29405307,59.34344316,73.21506506
1521,1610.326146,94.49399511,59.46927558,73.79689686
1522,1561.210436,94.69207244,59.59393446,74.1412425
1523,1585.990053,94.85964024,59.69939234,74.27333086
1524,1603.283286,94.98235049,59.77661935,74.04704866
1525,1616.024396,95.08035147,59.83829573,73.36165549
1526,1623.56497,95.1460385,59.8796355,71.86676553
1527,1626.457476,95.18553147,59.90449019,69.81707024
1528,1621.502287,95.18170722,59.90208341,67.44557992
1529,1606.493362,95.12625052,59.86718204,65.0976516
1530,1573.757858,95.01704431,59.79845372,63.06945774
1531,1528.873077,94.9065441,59.72891102,61.5070577
1532,1476.94154,94.79671571,59.65979113,60.41892998
1533,1425.525971,94.68745827,59.59103056,59.89521898
1534,1381.112034,94.57874479,59.52261233,59.2806636
1535,1346.898175,94.47051944,59.4545013,60.23299933
1536,1323.070061,94.3790229,59.39691846,61.76500101
1537,1311.601696,94.32126032,59.3605659,63.98063312
1538,2289.841033,94.36774618,59.38982151,66.6927988
1539,2589.072725,94.52297631,59.48751474,69.78183014
1540,2654.92473,94.71400809,59.60773954,73.12605218
1541,2750.162104,94.9879765,59.78016005,76.586139
1542,2866.742621,95.33502883,59.99857552,80.09940011
1543,2999.52244,95.74194709,60.2546673,83.41063587
1544,3143.271451,96.20067829,60.54336725,86.05614449
1545,3292.000827,96.70129802,60.85842952,88.15245512
1546,3443.015863,97.24305449,61.19938097,89.6085799
1547,3585.346981,97.78872979,61.54279872,90.42936019
1548,2726.150611,98.13777464,61.76246817,90.92627076
1549,2554.754557,98.41890201,61.93939413,91.33821653
1550,2596.954646,98.63474567,62.07523415,91.80937176
1551,2091.480464,98.7106732,62.12301873,92.36052737
1552,1991.128056,98.75324365,62.1498102,93.0492819
1553,2000.148955,98.79035182,62.17316403,93.78974861
1554,2010.46644,98.83922835,62.2039242,94.56314749
1555,2022.535794,98.90112824,62.24288055,95.30846772
1556,2037.618327,98.98417753,62.29514717,96.14059798
1557,2053.833268,99.0764791,62.35323665,97.11055055
1558,2070.769365,99.17606797,62.41591236,98.25181609
1559,2087.090589,99.27130614,62.47584998,99.56867039
1560,2105.312803,99.38217553,62.54562502,101.1191063
1561,2126.553086,99.5179218,62.63105619,102.7545525
1562,2151.544827,99.68403641,62.73559951,104.3878896
1563,2180.381659,99.87928028,62.85847516,106.0120107
1564,2214.333523,100.1168918,63.00801469,107.6604456
1565,2250.146966,100.3778009,63.17221639,109.3701195
1566,2285.914224,100.6459078,63.34094798,111.0846393
1567,2321.479666,100.9200191,63.5134584,112.8268553
1568,2357.577539,101.2082648,63.69486427,114.5683942
1569,2395.01644,101.5201882,63.89117152,116.1515238
1570,2432.56146,101.8434577,64.09461941,117.6160618
1571,2470.712976,102.1834489,64.30859098,118.973961
1572,2508.849665,102.5346545,64.52962029,120.228177
1573,2543.517465,102.85805,64.7331475,121.3796706
1574,2575.588314,103.1617991,64.92431033,122.3656033
1575,2605.323959,103.4477694,65.10428412,123.0853992
1576,2632.789119,103.7159453,65.27305916,123.5886682
1577,2658.004836,103.9675154,65.43138339,123.8558357
1578,2679.595057,104.1913494,65.57225212,123.8545184
1579,2695.357343,104.3667417,65.68263432,123.6432655
1580,2706.378063,104.5001127,65.76657059,123.2968311
1581,2712.228569,104.5840309,65.81938408,122.8839319
1582,2712.199722,104.6113162,65.8365559,122.3846991
1583,2707.573649,104.5974169,65.82780848,121.8816816
1584,2699.987336,104.554477,65.80078446,121.2327854
1585,2690.945559,104.4971535,65.76470827,120.4756042
1586,2680.013223,104.4198907,65.71608333,119.6189775
1587,2668.99801,104.3415565,65.66678414,118.6630992
1588,2654.788306,104.2330014,65.59846558,117.640129
1589,2638.207348,104.1046416,65.51768303,116.6481257
1590,2619.448704,103.9619751,65.42789664,115.7937371
1591,2598.516623,103.8048723,65.32902489,115.1177549
1592,2576.115345,103.6382008,65.2241311,114.5910753
1593,2554.392187,103.4732678,65.12033144,114.2031014
1594,2535.682556,103.3251257,65.02709903,113.8917943
1595,2520.879715,103.203151,64.95033486,113.7065616
1596,2509.346342,103.1050502,64.88859567,113.4681557
1597,2500.850386,103.0331498,64.84334557,113.0900262
1598,2494.033298,102.9744851,64.80642527,112.5929891
1599,2489.977021,102.9401903,64.78484203,111.8639295
1600,2484.756345,102.8965773,64.75739441,111.0118261
1601,2476.475963,102.8255763,64.71271036,110.0587611
1602,2465.591709,102.7337341,64.65490994,109.0376264
1603,2449.626567,102.6024568,64.57229129,108.0766492
1604,2430.966976,102.4498449,64.47624587,107.2872288
1605,2410.096501,102.2839718,64.37185452,106.7187617
1606,2387.735418,102.1094842,64.2620417,106.3395863
1607,2366.691679,101.9413664,64.1562377,106.1615393
1608,2349.404738,101.8075476,64.07201959,106.0650564
1609,2336.956291,101.7162243,64.01454577,106.090652
1610,2328.653006,101.6556533,63.97642577,106.1881964
1611,2324.754085,101.6306694,63.96070223,106.377018
1612,2322.641275,101.6189208,63.95330837,106.5728307
1613,2323.201775,101.6273587,63.95861871,106.9166158
1614,2325.33783,101.6475086,63.97129992,107.4025357
1615,2329.472695,101.6849351,63.99485405,108.0555212
1616,2333.760654,101.7231919,64.01893077,108.8488785
1617,2341.288954,101.7873233,64.05929154,109.8385164
1618,2351.92976,101.8759137,64.11504538,111.0011767
1619,2366.229013,101.9947459,64.18983178,112.269698
1620,2383.602164,102.1414279,64.28214533,113.538656
1621,2405.273523,102.3276801,64.39936211,114.6414042
1622,2430.733772,102.5503688,64.53951004,115.5871642
1623,2458.512195,102.7996226,64.69637649,116.3235611
1624,2486.30018,103.0563253,64.85793093,116.7821912
1625,2510.448457,103.2833704,65.00082054,116.8661657
1626,2531.158967,103.4838263,65.12697633,116.6279999
1627,2547.284784,103.6471656,65.22977306,115.9852909
1628,2557.327991,103.7605053,65.30110276,114.8051184
1629,2559.166887,103.8040662,65.32851758,113.1709502
1630,2553.951468,103.7875428,65.31811868,111.2214781
1631,2539.877252,103.696012,65.26051422,109.2943835
1632,2514.033517,103.5191345,65.14919735,107.6352468
1633,2478.248058,103.281782,64.99982087,106.4334647
1634,2435.557992,102.9844969,64.81272613,105.7153988
1635,2393.357953,102.6887474,64.62659779,105.4962072
1636,2357.025729,102.4358808,64.46745764,105.4864507
1637,2330.70878,102.2475126,64.34890911,105.5119207
1638,2314.984379,102.1222314,64.27006409,105.39786
1639,2310.184462,102.0788916,64.2427884,105.0958287
1640,2309.970811,102.0716526,64.23823262,104.6695095
1641,2310.52856,102.0707988,64.23769528,104.1980345
1642,2308.03083,102.0482404,64.22349826,103.8497976
1643,2301.416865,101.9930285,64.18875095,103.7418585
1644,2292.081213,101.9150232,64.13965878,103.9787418
1645,2281.756726,101.8279867,64.08488279,104.5672635
1646,2274.130939,101.7611559,64.04282322,105.4106091
1647,2271.76726,101.7340328,64.02575342,106.4882579
1648,2276.954595,101.7631817,64.04409812,107.7068227
1649,2289.842202,101.8531643,64.10072819,109.0828119
1650,2308.310011,101.9905442,64.18718745,110.5280483
1651,2331.908657,102.1747743,64.30313167,111.9683908
1652,2358.593118,102.3879452,64.43728962,113.3327632
1653,2388.7249,102.637033,64.59405163,114.5235631
1654,2420.373079,102.9091809,64.76532643,115.5924801
1655,2451.914087,103.1881788,64.94091224,116.5215274
1656,2481.791483,103.4581279,65.11080323,117.3111903
1657,2507.867941,103.6955395,65.26021691,118.0873649
1658,2531.275376,103.9123642,65.39667435,118.8697751
1659,2551.619905,104.1060542,65.51857206,119.6577603
1660,2568.912156,104.2754683,65.6251919,120.4495418
1661,2585.909037,104.4447112,65.73170397,121.2437376
1662,2603.042467,104.617806,65.84064022,122.0077143
1663,2620.297979,104.7948261,65.95204687,122.7385781
1664,2637.636625,104.9753951,66.06568693,123.496169
1665,2655.028139,105.1517823,66.17669526,124.1658678
1666,2671.757908,105.3086039,66.27539012,124.7612472
1667,2687.762561,105.4458138,66.36174238,125.2856532
1668,2704.352492,105.576758,66.44415141,125.6804637
1669,2719.017737,105.6819759,66.51036973,126.0290315
1670,2732.055516,105.7653038,66.56281168,126.3162412
1671,2743.539101,105.8297142,66.60334797,126.5674777
1672,2752.184767,105.8642189,66.6250633,126.7250209
1673,2759.817799,105.8876549,66.63981265,126.8116085
1674,2766.107195,105.897214,66.64582863,126.8939932
1675,2771.60884,105.8996674,66.64737264,126.9492661
1676,2775.058762,105.8824176,66.63651656,126.9421669
1677,2776.954882,105.8518499,66.61727895,126.9122425
1678,2778.758964,105.8244444,66.60003149,126.7890253
1679,2779.969344,105.7957975,66.58200267,126.5374171
1680,2779.813885,105.7584345,66.55848852,126.2154653
1681,2779.158592,105.7159176,66.53173075,125.8919402
1682,2776.460348,105.6433699,66.4860732,125.6394822
1683,2770.950564,105.5541619,66.42993066,125.5568976
1684,2763.900378,105.4606262,66.3710645,125.6249875
1685,2756.815736,105.3760899,66.31786205,125.8975208
1686,2751.287342,105.312491,66.27783639,126.3163921
1687,2749.478882,105.2859034,66.26110366,126.7462297
1688,2750.969934,105.2918757,66.26486231,127.1678492
1689,2756.937942,105.3402058,66.29527854,127.5185742
1690,2766.1105,105.4176398,66.34401123,127.7319802
1691,2775.523199,105.491205,66.39030911,127.8933753
1692,2784.755936,105.5568687,66.43163416,127.9894028
1693,2792.436207,105.6021842,66.46015321,128.078752
1694,2797.10943,105.6126516,66.46674082,128.1708965
1695,2800.643704,105.6123656,66.46656083,128.2654821
1696,2802.74654,105.5999915,66.45877329,128.3617756
1697,2804.703132,105.5882424,66.45137901,128.4592398
1698,2806.720937,105.5789988,66.44556162,128.5575005
1699,2808.7922,105.5719115,66.44110126,128.6242219
1700,2810.90086,105.5665886,66.43775133,128.5929184
1701,2813.035158,105.56272,66.43531663,128.4551023
1702,2815.186896,105.560063,66.43364449,128.2443929
1703,2816.64798,105.5523395,66.42878374,128.0286505
1704,2815.962488,105.5262673,66.41237537,127.7851501
1705,2812.944554,105.4819242,66.38446828,127.5110568
1706,2808.330381,105.4287793,66.35102184,127.2974293
1707,2803.605996,105.3799115,66.32026716,127.0953477
1708,2798.273759,105.3308811,66.2894101,126.9265425
1709,2792.271589,105.2802199,66.25752678,126.8243468
1710,2787.593517,105.2453893,66.23560632,126.7306819
1711,2783.168279,105.2156749,66.21690572,126.6997295
1712,2779.471738,105.1937131,66.20308421,126.7998682
1713,2777.233828,105.1850572,66.19763663,126.9477447
1714,2775.182729,105.1785715,66.19355493,127.1901324
1715,2774.504924,105.1845532,66.19731943,127.503511
1716,2776.697789,105.2169094,66.21768264,127.853168
1717,2779.936028,105.2554683,66.24194948,128.2642253
1718,2785.2439,105.310079,66.27631841,128.7117802
1719,2792.10635,105.376404,66.31805974,129.2213278
1720,2799.763233,105.4446284,66.36099637,129.7677807
1721,2808.764676,105.5204899,66.40873936,130.3444264
1722,2818.565354,105.596991,66.45688492,130.8277661
1723,2829.723565,105.6798645,66.50904092,131.1684757
1724,2841.68994,105.7637227,66.56181658,131.3345699
1725,2854.317483,105.8480701,66.61490016,131.3544561
1726,2864.901787,105.9061491,66.65145188,131.109173
1727,2872.362737,105.9303247,66.66666667,130.4590051
1728,2875.999912,105.9146327,66.65679096,129.360345
1729,2876.435387,105.8716104,66.62971512,127.7236284
1730,2871.06411,105.7824087,66.57357652,125.4675785
1731,2856.826559,105.6227826,66.4731167,122.9290973
1732,2832.767803,105.4074602,66.33760478,120.3161106
1733,2796.92654,105.1302535,66.16314627,117.7227208
1734,2747.52295,104.7952643,65.95232261,115.2432347
1735,2691.934601,104.466175,65.74521207,112.8736983
1736,2634.714712,104.1432946,65.54200909,110.5596993
1737,2577.923962,103.8264808,65.34262409,108.1982193
1738,2523.627505,103.5155498,65.14694134,105.8415646
1739,2471.738757,103.2103133,64.95484245,103.536788
1740,2421.066182,102.9105974,64.76621788,101.3365258
1741,2369.353853,102.6162636,64.58098056,99.39096509
1742,2317.747192,102.3271968,64.39905792,97.77955276
1743,2267.276571,102.0432516,64.22035861,96.45418217
1744,2219.094635,101.7642882,64.04479454,95.2328231
1745,2176.49022,101.4901292,63.87225405,94.17981517
1746,2141.203077,101.2453252,63.71818801,93.19823265
1747,2112.179754,101.028597,63.58179134,92.2154017
1748,2085.434103,100.8187027,63.44969549,91.29345697
1749,2062.375051,100.6245727,63.32752082,90.49569061
1750,2040.880091,100.437474,63.20977132,89.77907434
1751,2019.357793,100.2513822,63.09265547,89.22339062
1752,1999.168798,100.0720084,62.97976756,88.74693026
1753,1981.699095,99.9086378,62.87695115,88.27218593
1754,1966.006438,99.75718096,62.78163262,87.79009906
1755,1953.837926,99.62731491,62.69990214,87.30236219
1756,1943.404268,99.5104683,62.62636537,86.81072011
1757,1933.008189,99.39605049,62.55435715,86.31641629
1758,1922.45132,99.28263852,62.48298195,85.78830964
1759,1911.770726,99.1704334,62.41236628,85.22456635
1760,1901.004615,99.05964298,62.34264093,84.68593045
1761,1890.180216,98.95040221,62.27389086,84.09058165
1762,1878.615594,98.83929664,62.20396718,83.48616282
1763,1866.270591,98.72553627,62.13237272,82.8824958
1764,1854.475397,98.61685731,62.06397621,82.27988784
1765,1841.438288,98.50344696,61.99260203,81.6470362
1766,1828.202561,98.39060413,61.92158502,80.88535947
1767,1814.983297,98.27951694,61.85167291,79.81332936
1768,1801.787225,98.17017861,61.78286143,78.26616491
1769,1787.928869,98.05906541,61.71293295,76.22457898
1770,1771.249466,97.93424767,61.63437959,73.63799242
1771,1747.773861,97.77846632,61.53633946,70.60552876
1772,1713.893635,97.59809302,61.42282252,67.38191646
1773,1669.186435,97.42237099,61.31223282,64.16492587
1774,1612.544663,97.25169954,61.20482169,61.05590568
1775,1546.138954,97.08600406,61.10054215,58.20409318
1776,1475.547421,96.92517828,60.99932733,55.65736918
1777,1405.100891,96.76906206,60.90107644,53.25964553
1778,1337.018727,96.61748245,60.80568065,50.66101648
1779,1274.568966,96.4702474,60.71301909,47.96841144
1780,1218.800115,96.32715696,60.62296591,44.89661034
1781,1166.294115,96.18802763,60.53540562,41.46137982
1782,1392.223826,96.05273211,60.45025813,37.92294889
1783,1390.177024,95.92117313,60.36746222,34.3650182
1784,1301.152869,95.79326109,60.28696148,31.45835357
1785,1201.596131,95.66893742,60.20871906,29.08320103
1786,1099.048533,95.54812257,60.1326849,27.0402947
1787,1370.915117,95.43070333,60.05878775,24.60789241
1788,1352.215,95.31653034,59.9869336,22.83582753
1789,1250.120754,95.20540263,59.91699599,21.03027551
1790,1162.307876,95.09716326,59.84887614,18.98694571
1791,1562.945096,95.0097988,59.7938938,16.52871638
1792,1584.77612,94.9185689,59.73647876,13.61458675
1793,1459.473206,94.83199136,59.68199167,10.37122341
1794,1317.668831,94.73205754,59.61909887,6.903760044
1795,1147.070978,94.62944118,59.55451782,2.500869337
1796,944.8342498,94.52739898,59.49029813,0.000205115
1797,751.9461161,94.44446752,59.43810567,4.8884E-06
1798,750.000014,94.37311057,59.39319757,1.47E-06
1799,6.84E+02,94.29540629,59.34429481,6.47E-07
1800,1.97E+02,94.19974529,59.28409108,3.39E-07
